2025-08-07 11:37:54,585 - INFO - ============================================================
2025-08-07 11:37:54,585 - INFO - INTEGRATE-3-6-04 アニメ特化モデル検証開始
2025-08-07 11:37:54,585 - INFO - 開始時刻: 2025-08-07 11:37:54.584954
2025-08-07 11:37:54,585 - INFO - ============================================================
2025-08-07 11:37:54,585 - INFO - 🚀 INTEGRATE-3-6-04 アニメ特化モデル抽出開始
2025-08-07 11:37:55,228 - INFO - 実行コマンド: python3 tools/core/sam_yolo_character_segment.py --mode reproduce-auto --input_dir /mnt/c/AItools/lora/train/yado/org/kana08/ --output_dir /mnt/c/AItools/lora/train/yado/tracker-workspace/INTEGRATE-3-6-04/extraction --score_threshold 0.07 --verbose
2025-08-07 11:38:02,280 - INFO - [抽出] usage: sam_yolo_character_segment.py [-h]
2025-08-07 11:38:02,281 - INFO - [抽出] [--mode {interactive,batch,choice,reproduce-auto}]
2025-08-07 11:38:02,281 - INFO - [抽出] [--input INPUT] [--input_dir INPUT_DIR]
2025-08-07 11:38:02,282 - INFO - [抽出] [--output_dir OUTPUT_DIR]
2025-08-07 11:38:02,282 - INFO - [抽出] [--sam_checkpoint SAM_CHECKPOINT]
2025-08-07 11:38:02,282 - INFO - [抽出] [--model_type {vit_h,vit_l,vit_b}]
2025-08-07 11:38:02,282 - INFO - [抽出] [--yolo_model YOLO_MODEL]
2025-08-07 11:38:02,282 - INFO - [抽出] [--score_threshold SCORE_THRESHOLD]
2025-08-07 11:38:02,282 - INFO - [抽出] [--device {cuda,cpu}] [--anime_yolo]
2025-08-07 11:38:02,282 - INFO - [抽出] [--multi_character_criteria {balanced,size_priority,fullbody_priority,central_priority,confidence_priority}]
2025-08-07 11:38:02,283 - INFO - [抽出] sam_yolo_character_segment.py: error: unrecognized arguments: --verbose
2025-08-07 11:38:02,283 - INFO - [抽出] Warning: EasyOCR not available. Text detection will be disabled.
2025-08-07 11:38:02,283 - INFO - [抽出] Warning: rembg not available. Background removal will use mask-based method.
2025-08-07 11:38:03,368 - ERROR - ❌ 抽出処理エラー: return_code=2
2025-08-07 11:38:03,384 - INFO - 📊 比較結果:
2025-08-07 11:38:03,384 - INFO -   アニメ特化版(3-6-04): 0/24枚 (0.0%)
2025-08-07 11:38:03,385 - INFO -   汎用版(3-6-03): 19/24枚 (79.2%)
2025-08-07 11:38:04,021 - INFO - 📱 比較結果通知送信完了
2025-08-07 11:38:04,022 - INFO - ============================================================
2025-08-07 11:38:04,022 - INFO - 処理完了時刻: 2025-08-07 11:38:04.022242
2025-08-07 11:38:04,022 - INFO - 処理時間: 0:00:09.437288
2025-08-07 11:38:04,022 - INFO - 最終結果: アニメ特化版 0/24枚 vs 汎用版 19/24枚
2025-08-07 11:38:04,023 - INFO - ============================================================
2025-08-07 12:42:55,751 - INFO - ============================================================
2025-08-07 12:42:55,752 - INFO - INTEGRATE-3-6-04 アニメ特化モデル検証開始
2025-08-07 12:42:55,752 - INFO - 開始時刻: 2025-08-07 12:42:55.751786
2025-08-07 12:42:55,752 - INFO - ============================================================
2025-08-07 12:42:55,753 - INFO - 🚀 INTEGRATE-3-6-04 アニメ特化モデル抽出開始
2025-08-07 12:42:56,514 - INFO - 実行コマンド: python3 tools/core/sam_yolo_character_segment.py --mode reproduce-auto --input_dir /mnt/c/AItools/lora/train/yado/org/kana08/ --output_dir /mnt/c/AItools/lora/train/yado/tracker-workspace/INTEGRATE-3-6-04/extraction --score_threshold 0.07 --anime_yolo
2025-08-07 12:44:45,783 - INFO - [抽出] Warning: EasyOCR not available. Text detection will be disabled.
2025-08-07 12:44:45,795 - INFO - [抽出] Warning: rembg not available. Background removal will use mask-based method.
2025-08-07 12:44:45,795 - INFO - [抽出] ✅ 日本語フォント設定完了: Noto Sans CJK JP
2025-08-07 12:44:45,795 - INFO - [抽出] 🎌 アニメモード: スコア閾値を 0.07 → 0.05 に調整
2025-08-07 12:44:45,796 - INFO - [抽出] 🔄 開始: SAMモデル読み込み (RAM: 633.1MB, GPU: 0.0MB)
2025-08-07 12:44:45,796 - INFO - [抽出] SAMモデルを読み込み中... (vit_h)
2025-08-07 12:44:45,797 - INFO - [抽出] ✅ 完了: SAMモデル読み込み (43.55秒, RAM: 775.5MB, GPU: 2509.6MB)
2025-08-07 12:44:45,797 - INFO - [抽出] 🔄 開始: YOLOモデル読み込み (RAM: 775.5MB, GPU: 2509.6MB)
2025-08-07 12:44:45,797 - INFO - [抽出] 🎌 アニメモード: より大きなYOLOモデルで検出精度向上を試行します
2025-08-07 12:44:45,798 - INFO - [抽出] アニメ用YOLOモデルを試行中... (yolov8x.pt)
2025-08-07 12:44:45,798 - INFO - [抽出] ✅ アニメ用YOLOモデルを読み込み完了: yolov8x.pt
2025-08-07 12:44:45,798 - INFO - [抽出] デバイス: cuda
2025-08-07 12:44:45,799 - INFO - [抽出] ✅ 完了: YOLOモデル読み込み (1.51秒, RAM: 1040.3MB, GPU: 2509.6MB)
2025-08-07 12:44:45,799 - INFO - [抽出] === システム情報 ===
2025-08-07 12:44:45,799 - INFO - [抽出] CPU: 12 コア
2025-08-07 12:44:45,799 - INFO - [抽出] RAM: 19.5GB
2025-08-07 12:44:45,799 - INFO - [抽出] GPU: NVIDIA GeForce RTX 4070 Ti SUPER
2025-08-07 12:44:45,800 - INFO - [抽出] GPU RAM: 16.0GB
2025-08-07 12:44:45,800 - INFO - [抽出] ====================
2025-08-07 12:44:45,800 - INFO - [抽出] 🔄 開始: ファイル収集 (RAM: 1040.3MB, GPU: 2509.6MB)
2025-08-07 12:44:45,800 - INFO - [抽出] 処理対象画像数: 26 (重複除去後)
2025-08-07 12:44:45,800 - INFO - [抽出] ✅ 完了: ファイル収集 (0.07秒, RAM: 1040.3MB, GPU: 2509.6MB)
2025-08-07 12:44:45,800 - INFO - [抽出] 
2025-08-07 12:44:45,801 - INFO - [抽出] 進捗: 1/26 - kana08_0000_cover.jpg
2025-08-07 12:44:45,801 - INFO - [抽出] 🔄 開始: 画像読み込み (RAM: 1040.3MB, GPU: 2509.6MB)
2025-08-07 12:44:45,801 - INFO - [抽出] ✅ 完了: 画像読み込み (0.17秒, RAM: 1060.0MB, GPU: 2509.6MB)
2025-08-07 12:44:45,801 - INFO - [抽出] カラー判定: 最大チャンネル差分=39.361, 閾値=0.01, 結果=カラー
2025-08-07 12:44:45,802 - INFO - [抽出] スキップ: カラー画像です - kana08_0000_cover.jpg
2025-08-07 12:44:45,802 - INFO - [抽出] 
2025-08-07 12:44:45,802 - INFO - [抽出] 進捗: 2/26 - kana08_0001.jpg
2025-08-07 12:44:45,802 - INFO - [抽出] 🔄 開始: 画像読み込み (RAM: 1043.3MB, GPU: 2509.6MB)
2025-08-07 12:44:45,802 - INFO - [抽出] ✅ 完了: 画像読み込み (0.06秒, RAM: 1061.1MB, GPU: 2509.6MB)
2025-08-07 12:44:45,802 - INFO - [抽出] カラー判定: 最大チャンネル差分=0.000, 閾値=0.01, 結果=グレースケール
2025-08-07 12:44:45,803 - INFO - [抽出] 🔄 開始: SAMマスク生成 (RAM: 1097.2MB, GPU: 2509.6MB)
2025-08-07 12:44:45,803 - INFO - [抽出] SAMでマスクを生成中...
2025-08-07 12:44:45,803 - INFO - [抽出] 生成されたマスク数: 93
2025-08-07 12:44:45,803 - INFO - [抽出] マスク面積統計: 最小=499, 最大=845407, 平均=59298
2025-08-07 12:44:45,803 - INFO - [抽出] ✅ 完了: SAMマスク生成 (19.99秒, RAM: 2144.9MB, GPU: 2541.6MB)
2025-08-07 12:44:45,803 - INFO - [抽出] 🔄 開始: YOLO人物検出フィルタリング (RAM: 2144.9MB, GPU: 2541.6MB)
2025-08-07 12:44:45,804 - INFO - [抽出] YOLOv8で人物検出スコアを計算中...
2025-08-07 12:44:45,804 - INFO - [抽出] YOLOv8で93個のマスクを評価開始...
2025-08-07 12:44:45,804 - INFO - [抽出] YOLO処理済み: 10/93 (現在のスコア: 0.000)
2025-08-07 12:44:45,804 - INFO - [抽出] YOLO処理済み: 20/93 (現在のスコア: 0.000)
2025-08-07 12:44:45,804 - INFO - [抽出] YOLO処理済み: 30/93 (現在のスコア: 0.000)
2025-08-07 12:44:45,804 - INFO - [抽出] YOLO処理済み: 40/93 (現在のスコア: 0.000)
2025-08-07 12:44:45,805 - INFO - [抽出] YOLO処理済み: 50/93 (現在のスコア: 0.015)
2025-08-07 12:44:45,805 - INFO - [抽出] YOLO処理済み: 60/93 (現在のスコア: 0.287)
2025-08-07 12:44:45,805 - INFO - [抽出] YOLO処理済み: 70/93 (現在のスコア: 0.020)
2025-08-07 12:44:45,805 - INFO - [抽出] YOLO処理済み: 80/93 (現在のスコア: 0.519)
2025-08-07 12:44:45,805 - INFO - [抽出] YOLO処理済み: 90/93 (現在のスコア: 0.000)
2025-08-07 12:44:45,805 - INFO - [抽出] 人物検出スコア >= 0.05 のマスク数: 32
2025-08-07 12:44:45,805 - INFO - [抽出] YOLO検出スコア統計: 最高=0.847, 最低=0.000, 平均=0.112
2025-08-07 12:44:45,806 - INFO - [抽出] 上位10スコア: ['0.847', '0.817', '0.790', '0.734', '0.684', '0.640', '0.611', '0.521', '0.519', '0.465']
2025-08-07 12:44:45,806 - INFO - [抽出] 🎌 アニメモード使用中: yolov8x.pt
2025-08-07 12:44:45,806 - INFO - [抽出] ✅ 完了: YOLO人物検出フィルタリング (2.74秒, RAM: 2153.9MB, GPU: 2805.5MB)
2025-08-07 12:44:45,806 - INFO - [抽出] 🎯 複数キャラクター検出: 32個 → 複合スコアで最適選択
2025-08-07 12:44:45,807 - INFO - [抽出] ⚠️ マスク数制限: 32個 → 20個に制限
2025-08-07 12:44:45,807 - INFO - [抽出] 🎯 複合スコア評価開始 (基準: balanced, 20個のマスク)
2025-08-07 12:44:45,807 - INFO - [抽出] マスク1: 総合=0.477 (面積=0.20, 全身=0.31, 中央=0.55, 接地=0.97, YOLO=0.85)
2025-08-07 12:44:45,807 - INFO - [抽出] マスク2: 総合=0.408 (面積=0.07, 全身=0.28, 中央=0.43, 接地=0.99, YOLO=0.82)
2025-08-07 12:44:45,807 - INFO - [抽出] マスク3: 総合=0.414 (面積=0.07, 全身=0.26, 中央=0.75, 接地=0.67, YOLO=0.79)
2025-08-07 12:44:45,807 - INFO - [抽出] マスク4: 総合=0.805 (面積=0.67, 全身=0.89, 中央=0.80, 接地=0.99, YOLO=0.73)
2025-08-07 12:44:45,807 - INFO - [抽出] マスク5: 総合=0.564 (面積=0.11, 全身=0.82, 中央=0.80, 接地=0.65, YOLO=0.68)
2025-08-07 12:44:45,808 - INFO - [抽出] マスク6: 総合=0.462 (面積=0.19, 全身=0.29, 中央=0.60, 接地=1.00, YOLO=0.64)
2025-08-07 12:44:45,808 - INFO - [抽出] マスク7: 総合=0.575 (面積=0.19, 全身=0.79, 中央=0.55, 接地=1.00, YOLO=0.61)
2025-08-07 12:44:45,808 - INFO - [抽出] マスク8: 総合=0.414 (面積=0.07, 全身=0.33, 中央=0.80, 接地=0.65, YOLO=0.52)
2025-08-07 12:44:45,808 - INFO - [抽出] マスク9: 総合=0.347 (面積=0.08, 全身=0.00, 中央=0.76, 接地=0.79, YOLO=0.52)
2025-08-07 12:44:45,808 - INFO - [抽出] マスク10: 総合=0.437 (面積=0.05, 全身=0.32, 中央=0.79, 接地=0.93, YOLO=0.47)
2025-08-07 12:44:45,808 - INFO - [抽出] マスク11: 総合=0.441 (面積=0.13, 全身=0.42, 中央=0.51, 接地=1.00, YOLO=0.43)
2025-08-07 12:44:45,809 - INFO - [抽出] マスク12: 総合=0.335 (面積=0.01, 全身=0.33, 中央=0.42, 接地=0.90, YOLO=0.33)
2025-08-07 12:44:45,809 - INFO - [抽出] マスク13: 総合=0.514 (面積=0.02, 全身=0.90, 中央=0.53, 接地=0.97, YOLO=0.30)
2025-08-07 12:44:45,809 - INFO - [抽出] マスク14: 総合=0.436 (面積=0.03, 全身=0.44, 中央=0.86, 接地=0.79, YOLO=0.29)
2025-08-07 12:44:45,809 - INFO - [抽出] マスク15: 総合=0.451 (面積=0.07, 全身=0.62, 中央=0.56, 接地=0.97, YOLO=0.18)
2025-08-07 12:44:45,809 - INFO - [抽出] マスク16: 総合=0.278 (面積=0.10, 全身=0.00, 中央=0.66, 接地=0.67, YOLO=0.15)
2025-08-07 12:44:45,809 - INFO - [抽出] マスク17: 総合=0.405 (面積=0.10, 全身=0.59, 中央=0.56, 接地=0.68, YOLO=0.15)
2025-08-07 12:44:45,810 - INFO - [抽出] マスク18: 総合=0.402 (面積=0.04, 全身=0.48, 中央=0.79, 接地=0.65, YOLO=0.15)
2025-08-07 12:44:45,810 - INFO - [抽出] マスク19: 総合=0.344 (面積=0.02, 全身=0.15, 中央=0.82, 接地=0.83, YOLO=0.14)
2025-08-07 12:44:45,810 - INFO - [抽出] マスク20: 総合=0.261 (面積=0.06, 全身=0.00, 中央=0.73, 接地=0.57, YOLO=0.12)
2025-08-07 12:44:45,810 - INFO - [抽出] ✅ 最適マスク選択: 複合スコア 0.805, 品質スコア 0.762
2025-08-07 12:44:45,810 - INFO - [抽出] ✅ 保存完了: kana08_0001.jpg (品質: 0.762)
2025-08-07 12:44:45,810 - INFO - [抽出] 
2025-08-07 12:44:45,810 - INFO - [抽出] 進捗: 3/26 - kana08_0002.jpg
2025-08-07 12:44:45,811 - INFO - [抽出] 🔄 開始: 画像読み込み (RAM: 2153.9MB, GPU: 2805.5MB)
2025-08-07 12:44:45,811 - INFO - [抽出] ✅ 完了: 画像読み込み (0.04秒, RAM: 2153.9MB, GPU: 2805.5MB)
2025-08-07 12:44:45,811 - INFO - [抽出] カラー判定: 最大チャンネル差分=0.000, 閾値=0.01, 結果=グレースケール
2025-08-07 12:44:45,811 - INFO - [抽出] 🔄 開始: SAMマスク生成 (RAM: 2153.9MB, GPU: 2805.5MB)
2025-08-07 12:44:45,811 - INFO - [抽出] SAMでマスクを生成中...
2025-08-07 12:44:45,811 - INFO - [抽出] 生成されたマスク数: 72
2025-08-07 12:44:45,812 - INFO - [抽出] マスク面積統計: 最小=2715, 最大=557043, 平均=75244
2025-08-07 12:44:45,812 - INFO - [抽出] ✅ 完了: SAMマスク生成 (16.89秒, RAM: 2155.7MB, GPU: 2805.5MB)
2025-08-07 12:44:45,812 - INFO - [抽出] 🔄 開始: YOLO人物検出フィルタリング (RAM: 2155.7MB, GPU: 2805.5MB)
2025-08-07 12:44:45,812 - INFO - [抽出] YOLOv8で人物検出スコアを計算中...
2025-08-07 12:44:45,812 - INFO - [抽出] YOLOv8で72個のマスクを評価開始...
2025-08-07 12:44:45,812 - INFO - [抽出] YOLO処理済み: 10/72 (現在のスコア: 0.010)
2025-08-07 12:44:45,813 - INFO - [抽出] YOLO処理済み: 20/72 (現在のスコア: 0.234)
2025-08-07 12:44:45,813 - INFO - [抽出] YOLO処理済み: 30/72 (現在のスコア: 0.469)
2025-08-07 12:44:45,813 - INFO - [抽出] YOLO処理済み: 40/72 (現在のスコア: 0.057)
2025-08-07 12:44:45,813 - INFO - [抽出] YOLO処理済み: 50/72 (現在のスコア: 0.104)
2025-08-07 12:44:45,813 - INFO - [抽出] YOLO処理済み: 60/72 (現在のスコア: 0.040)
2025-08-07 12:44:45,813 - INFO - [抽出] YOLO処理済み: 70/72 (現在のスコア: 0.000)
2025-08-07 12:44:45,814 - INFO - [抽出] 人物検出スコア >= 0.05 のマスク数: 35
2025-08-07 12:44:45,814 - INFO - [抽出] YOLO検出スコア統計: 最高=0.816, 最低=0.000, 平均=0.158
2025-08-07 12:44:45,814 - INFO - [抽出] 上位10スコア: ['0.816', '0.815', '0.798', '0.700', '0.594', '0.581', '0.539', '0.522', '0.469', '0.469']
2025-08-07 12:44:45,814 - INFO - [抽出] 🎌 アニメモード使用中: yolov8x.pt
2025-08-07 12:44:45,814 - INFO - [抽出] ✅ 完了: YOLO人物検出フィルタリング (1.15秒, RAM: 2155.7MB, GPU: 2805.5MB)
2025-08-07 12:44:45,814 - INFO - [抽出] 🎯 複数キャラクター検出: 35個 → 複合スコアで最適選択
2025-08-07 12:44:45,814 - INFO - [抽出] ⚠️ マスク数制限: 35個 → 20個に制限
2025-08-07 12:44:45,815 - INFO - [抽出] 🎯 複合スコア評価開始 (基準: balanced, 20個のマスク)
2025-08-07 12:44:45,815 - INFO - [抽出] マスク1: 総合=0.491 (面積=0.17, 全身=0.31, 中央=0.81, 接地=0.80, YOLO=0.82)
2025-08-07 12:44:45,815 - INFO - [抽出] マスク2: 総合=0.397 (面積=0.02, 全身=0.22, 中央=0.73, 接地=0.71, YOLO=0.82)
2025-08-07 12:44:45,815 - INFO - [抽出] マスク3: 総合=0.285 (面積=0.06, 全身=0.25, 中央=0.47, 接地=0.20, YOLO=0.80)
2025-08-07 12:44:45,815 - INFO - [抽出] マスク4: 総合=0.539 (面積=0.24, 全身=0.58, 中央=0.52, 接地=1.00, YOLO=0.70)
2025-08-07 12:44:45,815 - INFO - [抽出] マスク5: 総合=0.176 (面積=0.03, 全身=0.00, 中央=0.45, 接地=0.11, YOLO=0.59)
2025-08-07 12:44:45,816 - INFO - [抽出] マスク6: 総合=0.405 (面積=0.13, 全身=0.00, 中央=0.94, 接地=0.81, YOLO=0.58)
2025-08-07 12:44:45,816 - INFO - [抽出] マスク7: 総合=0.356 (面積=0.09, 全身=0.00, 中央=0.69, 接地=0.92, YOLO=0.54)
2025-08-07 12:44:45,816 - INFO - [抽出] マスク8: 総合=0.351 (面積=0.04, 全身=0.28, 中央=0.48, 接地=0.82, YOLO=0.52)
2025-08-07 12:44:45,816 - INFO - [抽出] マスク9: 総合=0.467 (面積=0.03, 全身=0.44, 中央=0.77, 接地=0.99, YOLO=0.47)
2025-08-07 12:44:45,816 - INFO - [抽出] マスク10: 総合=0.446 (面積=0.12, 全身=0.39, 中央=0.85, 接地=0.63, YOLO=0.47)
2025-08-07 12:44:45,816 - INFO - [抽出] マスク11: 総合=0.428 (面積=0.09, 全身=0.43, 中央=0.56, 接地=0.89, YOLO=0.46)
2025-08-07 12:44:45,816 - INFO - [抽出] マスク12: 総合=0.370 (面積=0.03, 全身=0.38, 中央=0.43, 接地=0.90, YOLO=0.46)
2025-08-07 12:44:45,817 - INFO - [抽出] マスク13: 総合=0.427 (面積=0.06, 全身=0.55, 中央=0.74, 接地=0.56, YOLO=0.41)
2025-08-07 12:44:45,817 - INFO - [抽出] マスク14: 総合=0.275 (面積=0.06, 全身=0.18, 中央=0.60, 接地=0.38, YOLO=0.34)
2025-08-07 12:44:45,817 - INFO - [抽出] マスク15: 総合=0.315 (面積=0.02, 全身=0.21, 中央=0.72, 接地=0.55, YOLO=0.33)
2025-08-07 12:45:53,930 - INFO - [抽出] マスク16: 総合=0.307 (面積=0.09, 全身=0.10, 中央=0.46, 接地=0.93, YOLO=0.26)
2025-08-07 12:45:53,930 - INFO - [抽出] マスク17: 総合=0.525 (面積=0.00, 全身=0.87, 中央=0.72, 接地=0.91, YOLO=0.25)
2025-08-07 12:45:53,930 - INFO - [抽出] マスク18: 総合=0.513 (面積=0.01, 全身=0.91, 中央=0.80, 接地=0.64, YOLO=0.25)
2025-08-07 12:45:53,930 - INFO - [抽出] マスク19: 総合=0.378 (面積=0.01, 全身=0.18, 中央=0.79, 接地=0.99, YOLO=0.23)
2025-08-07 12:45:53,930 - INFO - [抽出] マスク20: 総合=0.325 (面積=0.06, 全身=0.18, 中央=0.46, 接地=1.00, YOLO=0.22)
2025-08-07 12:45:53,931 - INFO - [抽出] ✅ 最適マスク選択: 複合スコア 0.539, 品質スコア 0.636
2025-08-07 12:45:53,931 - INFO - [抽出] ✅ 保存完了: kana08_0002.jpg (品質: 0.636)
2025-08-07 12:45:53,931 - INFO - [抽出] 
2025-08-07 12:45:53,931 - INFO - [抽出] 進捗: 4/26 - kana08_0003.jpg
2025-08-07 12:45:53,931 - INFO - [抽出] 🔄 開始: 画像読み込み (RAM: 2155.7MB, GPU: 2805.5MB)
2025-08-07 12:45:53,932 - INFO - [抽出] ✅ 完了: 画像読み込み (0.05秒, RAM: 2155.7MB, GPU: 2805.5MB)
2025-08-07 12:45:53,932 - INFO - [抽出] カラー判定: 最大チャンネル差分=0.000, 閾値=0.01, 結果=グレースケール
2025-08-07 12:45:53,932 - INFO - [抽出] 🔄 開始: SAMマスク生成 (RAM: 2155.7MB, GPU: 2805.5MB)
2025-08-07 12:45:53,932 - INFO - [抽出] SAMでマスクを生成中...
2025-08-07 12:45:53,932 - INFO - [抽出] 生成されたマスク数: 100
2025-08-07 12:45:53,933 - INFO - [抽出] マスク面積統計: 最小=1168, 最大=856372, 平均=60398
2025-08-07 12:45:53,933 - INFO - [抽出] ✅ 完了: SAMマスク生成 (18.47秒, RAM: 2156.4MB, GPU: 2805.5MB)
2025-08-07 12:45:53,933 - INFO - [抽出] 🔄 開始: YOLO人物検出フィルタリング (RAM: 2156.4MB, GPU: 2805.5MB)
2025-08-07 12:45:53,933 - INFO - [抽出] YOLOv8で人物検出スコアを計算中...
2025-08-07 12:45:53,933 - INFO - [抽出] YOLOv8で100個のマスクを評価開始...
2025-08-07 12:45:53,933 - INFO - [抽出] YOLO処理済み: 10/100 (現在のスコア: 0.000)
2025-08-07 12:45:53,934 - INFO - [抽出] YOLO処理済み: 20/100 (現在のスコア: 0.192)
2025-08-07 12:45:53,934 - INFO - [抽出] YOLO処理済み: 30/100 (現在のスコア: 0.388)
2025-08-07 12:45:53,934 - INFO - [抽出] YOLO処理済み: 40/100 (現在のスコア: 0.036)
2025-08-07 12:45:53,934 - INFO - [抽出] YOLO処理済み: 50/100 (現在のスコア: 0.663)
2025-08-07 12:45:53,934 - INFO - [抽出] YOLO処理済み: 60/100 (現在のスコア: 0.011)
2025-08-07 12:45:53,934 - INFO - [抽出] YOLO処理済み: 70/100 (現在のスコア: 0.032)
2025-08-07 12:45:53,935 - INFO - [抽出] YOLO処理済み: 80/100 (現在のスコア: 0.110)
2025-08-07 12:45:53,935 - INFO - [抽出] YOLO処理済み: 90/100 (現在のスコア: 0.124)
2025-08-07 12:45:53,935 - INFO - [抽出] YOLO処理済み: 100/100 (現在のスコア: 0.000)
2025-08-07 12:45:53,935 - INFO - [抽出] 人物検出スコア >= 0.05 のマスク数: 57
2025-08-07 12:45:53,935 - INFO - [抽出] YOLO検出スコア統計: 最高=0.941, 最低=0.000, 平均=0.231
2025-08-07 12:45:53,935 - INFO - [抽出] 上位10スコア: ['0.941', '0.935', '0.932', '0.882', '0.858', '0.848', '0.846', '0.839', '0.838', '0.781']
2025-08-07 12:45:53,935 - INFO - [抽出] 🎌 アニメモード使用中: yolov8x.pt
2025-08-07 12:45:53,936 - INFO - [抽出] ✅ 完了: YOLO人物検出フィルタリング (2.18秒, RAM: 2156.4MB, GPU: 2805.5MB)
2025-08-07 12:45:53,936 - INFO - [抽出] 🎯 複数キャラクター検出: 57個 → 複合スコアで最適選択
2025-08-07 12:45:53,936 - INFO - [抽出] ⚠️ マスク数制限: 57個 → 20個に制限
2025-08-07 12:45:53,936 - INFO - [抽出] 🎯 複合スコア評価開始 (基準: balanced, 20個のマスク)
2025-08-07 12:45:53,936 - INFO - [抽出] マスク1: 総合=0.432 (面積=0.13, 全身=0.03, 中央=0.87, 接地=0.79, YOLO=0.94)
2025-08-07 12:45:53,937 - INFO - [抽出] マスク2: 総合=0.572 (面積=0.31, 全身=0.42, 中央=0.80, 接地=0.79, YOLO=0.94)
2025-08-07 12:45:53,937 - INFO - [抽出] マスク3: 総合=0.411 (面積=0.11, 全身=0.40, 中央=0.56, 接地=0.49, YOLO=0.93)
2025-08-07 12:45:53,937 - INFO - [抽出] マスク4: 総合=0.492 (面積=0.15, 全身=0.42, 中央=0.69, 接地=0.78, YOLO=0.88)
2025-08-07 12:45:53,937 - INFO - [抽出] マスク5: 総合=0.329 (面積=0.22, 全身=0.00, 中央=0.55, 接地=0.44, YOLO=0.86)
2025-08-07 12:45:53,937 - INFO - [抽出] マスク6: 総合=0.448 (面積=0.02, 全身=0.29, 中央=0.89, 接地=0.71, YOLO=0.85)
2025-08-07 12:45:53,937 - INFO - [抽出] マスク7: 総合=0.344 (面積=0.06, 全身=0.00, 中央=0.71, 接地=0.66, YOLO=0.85)
2025-08-07 12:45:53,938 - INFO - [抽出] マスク8: 総合=0.502 (面積=0.68, 全身=0.00, 中央=0.66, 接地=0.55, YOLO=0.84)
2025-08-07 12:45:53,938 - INFO - [抽出] マスク9: 総合=0.426 (面積=0.13, 全身=0.25, 中央=0.61, 接地=0.79, YOLO=0.84)
2025-08-07 12:45:53,938 - INFO - [抽出] マスク10: 総合=0.577 (面積=0.24, 全身=0.69, 中央=0.64, 接地=0.85, YOLO=0.78)
2025-08-07 12:45:53,938 - INFO - [抽出] マスク11: 総合=0.296 (面積=0.01, 全身=0.34, 中央=0.54, 接地=0.14, YOLO=0.78)
2025-08-07 12:45:53,938 - INFO - [抽出] マスク12: 総合=0.351 (面積=0.13, 全身=0.00, 中央=0.43, 接地=1.00, YOLO=0.76)
2025-08-07 12:45:53,938 - INFO - [抽出] マスク13: 総合=0.679 (面積=0.37, 全身=0.87, 中央=0.66, 接地=1.00, YOLO=0.69)
2025-08-07 12:45:53,939 - INFO - [抽出] マスク14: 総合=0.397 (面積=0.20, 全身=0.00, 中央=0.60, 接地=1.00, YOLO=0.66)
2025-08-07 12:45:53,939 - INFO - [抽出] マスク15: 総合=0.303 (面積=0.02, 全身=0.00, 中央=0.69, 接地=0.62, YOLO=0.66)
2025-08-07 12:45:53,939 - INFO - [抽出] マスク16: 総合=0.378 (面積=0.09, 全身=0.00, 中央=0.72, 接地=0.96, YOLO=0.63)
2025-08-07 12:45:53,939 - INFO - [抽出] マスク17: 総合=0.441 (面積=0.17, 全身=0.29, 中央=0.64, 接地=0.85, YOLO=0.62)
2025-08-07 12:45:53,939 - INFO - [抽出] マスク18: 総合=0.482 (面積=0.02, 全身=0.73, 中央=0.71, 接地=0.64, YOLO=0.56)
2025-08-07 12:45:53,939 - INFO - [抽出] マスク19: 総合=0.551 (面積=0.13, 全身=0.85, 中央=0.47, 接地=1.00, YOLO=0.54)
2025-08-07 12:45:53,940 - INFO - [抽出] マスク20: 総合=0.468 (面積=0.11, 全身=0.42, 中央=0.88, 接地=0.67, YOLO=0.53)
2025-08-07 12:45:53,940 - INFO - [抽出] ✅ 最適マスク選択: 複合スコア 0.679, 品質スコア 0.684
2025-08-07 12:45:53,940 - INFO - [抽出] ✅ 保存完了: kana08_0003.jpg (品質: 0.684)
2025-08-07 12:45:53,940 - INFO - [抽出] 
2025-08-07 12:45:53,940 - INFO - [抽出] 進捗: 5/26 - kana08_0004.jpg
2025-08-07 12:45:53,940 - INFO - [抽出] 🔄 開始: 画像読み込み (RAM: 2156.4MB, GPU: 2805.5MB)
2025-08-07 12:45:53,940 - INFO - [抽出] ✅ 完了: 画像読み込み (0.05秒, RAM: 2156.4MB, GPU: 2805.5MB)
2025-08-07 12:45:53,941 - INFO - [抽出] カラー判定: 最大チャンネル差分=0.000, 閾値=0.01, 結果=グレースケール
2025-08-07 12:45:53,941 - INFO - [抽出] 🔄 開始: SAMマスク生成 (RAM: 2156.4MB, GPU: 2805.5MB)
2025-08-07 12:45:53,941 - INFO - [抽出] SAMでマスクを生成中...
2025-08-07 12:45:53,941 - INFO - [抽出] 生成されたマスク数: 97
2025-08-07 12:45:53,941 - INFO - [抽出] マスク面積統計: 最小=642, 最大=312639, 平均=45511
2025-08-07 12:45:53,941 - INFO - [抽出] ✅ 完了: SAMマスク生成 (16.43秒, RAM: 2156.4MB, GPU: 2805.5MB)
2025-08-07 12:45:53,942 - INFO - [抽出] 🔄 開始: YOLO人物検出フィルタリング (RAM: 2156.4MB, GPU: 2805.5MB)
2025-08-07 12:45:53,942 - INFO - [抽出] YOLOv8で人物検出スコアを計算中...
2025-08-07 12:45:53,942 - INFO - [抽出] YOLOv8で97個のマスクを評価開始...
2025-08-07 12:45:53,942 - INFO - [抽出] YOLO処理済み: 10/97 (現在のスコア: 0.000)
2025-08-07 12:45:53,942 - INFO - [抽出] YOLO処理済み: 20/97 (現在のスコア: 0.000)
2025-08-07 12:45:53,942 - INFO - [抽出] YOLO処理済み: 30/97 (現在のスコア: 0.140)
2025-08-07 12:45:53,943 - INFO - [抽出] YOLO処理済み: 40/97 (現在のスコア: 0.340)
2025-08-07 12:45:53,943 - INFO - [抽出] YOLO処理済み: 50/97 (現在のスコア: 0.832)
2025-08-07 12:45:53,943 - INFO - [抽出] YOLO処理済み: 60/97 (現在のスコア: 0.020)
2025-08-07 12:45:53,943 - INFO - [抽出] YOLO処理済み: 70/97 (現在のスコア: 0.794)
2025-08-07 12:45:53,943 - INFO - [抽出] YOLO処理済み: 80/97 (現在のスコア: 0.184)
2025-08-07 12:45:53,943 - INFO - [抽出] YOLO処理済み: 90/97 (現在のスコア: 0.000)
2025-08-07 12:45:53,944 - INFO - [抽出] 人物検出スコア >= 0.05 のマスク数: 48
2025-08-07 12:45:53,944 - INFO - [抽出] YOLO検出スコア統計: 最高=0.964, 最低=0.000, 平均=0.230
2025-08-07 12:45:53,944 - INFO - [抽出] 上位10スコア: ['0.964', '0.952', '0.940', '0.939', '0.911', '0.909', '0.903', '0.878', '0.860', '0.858']
2025-08-07 12:45:53,944 - INFO - [抽出] 🎌 アニメモード使用中: yolov8x.pt
2025-08-07 12:45:53,944 - INFO - [抽出] ✅ 完了: YOLO人物検出フィルタリング (2.02秒, RAM: 2156.4MB, GPU: 2805.5MB)
2025-08-07 12:45:53,944 - INFO - [抽出] 🎯 複数キャラクター検出: 48個 → 複合スコアで最適選択
2025-08-07 12:45:53,945 - INFO - [抽出] ⚠️ マスク数制限: 48個 → 20個に制限
2025-08-07 12:45:53,945 - INFO - [抽出] 🎯 複合スコア評価開始 (基準: balanced, 20個のマスク)
2025-08-07 12:45:53,945 - INFO - [抽出] マスク1: 総合=0.591 (面積=0.05, 全身=0.84, 中央=0.77, 接地=0.77, YOLO=0.96)
2025-08-07 12:45:53,945 - INFO - [抽出] マスク2: 総合=0.625 (面積=0.14, 全身=0.90, 中央=0.67, 接地=0.87, YOLO=0.95)
2025-08-07 12:45:53,945 - INFO - [抽出] マスク3: 総合=0.435 (面積=0.25, 全身=0.00, 中央=0.76, 接地=0.77, YOLO=0.94)
2025-08-07 12:45:53,945 - INFO - [抽出] マスク4: 総合=0.478 (面積=0.21, 全身=0.23, 中央=0.67, 接地=0.87, YOLO=0.94)
2025-08-07 12:45:53,946 - INFO - [抽出] マスク5: 総合=0.451 (面積=0.20, 全身=0.03, 中央=0.72, 接地=1.00, YOLO=0.91)
2025-08-07 12:45:53,946 - INFO - [抽出] マスク6: 総合=0.477 (面積=0.07, 全身=0.22, 中央=0.90, 接地=0.87, YOLO=0.91)
2025-08-07 12:45:53,946 - INFO - [抽出] マスク7: 総合=0.429 (面積=0.03, 全身=0.00, 中央=0.98, 接地=0.88, YOLO=0.90)
2025-08-07 12:45:53,946 - INFO - [抽出] マスク8: 総合=0.404 (面積=0.10, 全身=0.00, 中央=0.78, 接地=0.88, YOLO=0.88)
2025-08-07 12:45:53,946 - INFO - [抽出] マスク9: 総合=0.391 (面積=0.04, 全身=0.15, 中央=0.70, 接地=0.77, YOLO=0.86)
2025-08-07 12:45:53,946 - INFO - [抽出] マスク10: 総合=0.366 (面積=0.14, 全身=0.18, 中央=0.66, 接地=0.41, YOLO=0.86)
2025-08-07 12:45:53,947 - INFO - [抽出] マスク11: 総合=0.430 (面積=0.02, 全身=0.40, 中央=0.74, 接地=0.61, YOLO=0.83)
2025-08-07 12:45:53,947 - INFO - [抽出] マスク12: 総合=0.539 (面積=0.06, 全身=0.78, 中央=0.57, 接地=0.88, YOLO=0.79)
2025-08-07 12:45:53,947 - INFO - [抽出] マスク13: 総合=0.559 (面積=0.08, 全身=0.81, 中央=0.57, 接地=0.94, YOLO=0.76)
2025-08-07 12:45:53,947 - INFO - [抽出] マスク14: 総合=0.412 (面積=0.05, 全身=0.13, 中央=0.81, 接地=0.88, YOLO=0.73)
2025-08-07 12:45:53,947 - INFO - [抽出] マスク15: 総合=0.432 (面積=0.07, 全身=0.35, 中央=0.70, 接地=0.74, YOLO=0.73)
2025-08-07 12:45:53,947 - INFO - [抽出] マスク16: 総合=0.436 (面積=0.22, 全身=0.11, 中央=0.60, 接地=1.00, YOLO=0.71)
2025-08-07 12:45:53,948 - INFO - [抽出] マスク17: 総合=0.553 (面積=0.10, 全身=0.56, 中央=0.92, 接地=0.88, YOLO=0.67)
2025-08-07 12:45:53,948 - INFO - [抽出] マスク18: 総合=0.340 (面積=0.04, 全身=0.09, 中央=0.45, 接地=1.00, YOLO=0.63)
2025-08-07 12:45:53,948 - INFO - [抽出] マスク19: 総合=0.363 (面積=0.06, 全身=0.39, 中央=0.64, 接地=0.38, YOLO=0.63)
2025-08-07 12:45:53,948 - INFO - [抽出] マスク20: 総合=0.470 (面積=0.08, 全身=0.50, 中央=0.68, 接地=0.85, YOLO=0.59)
2025-08-07 12:45:53,948 - INFO - [抽出] ✅ 最適マスク選択: 複合スコア 0.625, 品質スコア 0.822
2025-08-07 12:45:53,948 - INFO - [抽出] ✅ 保存完了: kana08_0004.jpg (品質: 0.822)
2025-08-07 12:45:53,949 - INFO - [抽出] 
2025-08-07 12:45:53,949 - INFO - [抽出] 進捗: 6/26 - kana08_0005.jpg
2025-08-07 12:45:53,949 - INFO - [抽出] 🔄 開始: 画像読み込み (RAM: 2156.4MB, GPU: 2805.5MB)
2025-08-07 12:47:41,640 - INFO - [抽出] ✅ 完了: 画像読み込み (0.05秒, RAM: 2156.4MB, GPU: 2805.5MB)
2025-08-07 12:47:41,641 - INFO - [抽出] カラー判定: 最大チャンネル差分=0.000, 閾値=0.01, 結果=グレースケール
2025-08-07 12:47:41,641 - INFO - [抽出] 🔄 開始: SAMマスク生成 (RAM: 2156.4MB, GPU: 2805.5MB)
2025-08-07 12:47:41,641 - INFO - [抽出] SAMでマスクを生成中...
2025-08-07 12:47:41,641 - INFO - [抽出] 生成されたマスク数: 111
2025-08-07 12:47:41,642 - INFO - [抽出] マスク面積統計: 最小=977, 最大=482510, 平均=46160
2025-08-07 12:47:41,642 - INFO - [抽出] ✅ 完了: SAMマスク生成 (18.60秒, RAM: 2156.4MB, GPU: 2805.5MB)
2025-08-07 12:47:41,642 - INFO - [抽出] 🔄 開始: YOLO人物検出フィルタリング (RAM: 2156.4MB, GPU: 2805.5MB)
2025-08-07 12:47:41,642 - INFO - [抽出] YOLOv8で人物検出スコアを計算中...
2025-08-07 12:47:41,643 - INFO - [抽出] YOLOv8で111個のマスクを評価開始...
2025-08-07 12:47:41,643 - INFO - [抽出] YOLO処理済み: 10/111 (現在のスコア: 0.283)
2025-08-07 12:47:41,643 - INFO - [抽出] YOLO処理済み: 20/111 (現在のスコア: 0.447)
2025-08-07 12:47:41,644 - INFO - [抽出] YOLO処理済み: 30/111 (現在のスコア: 0.050)
2025-08-07 12:47:41,644 - INFO - [抽出] YOLO処理済み: 40/111 (現在のスコア: 0.000)
2025-08-07 12:47:41,644 - INFO - [抽出] YOLO処理済み: 50/111 (現在のスコア: 0.431)
2025-08-07 12:47:41,645 - INFO - [抽出] YOLO処理済み: 60/111 (現在のスコア: 0.000)
2025-08-07 12:47:41,645 - INFO - [抽出] YOLO処理済み: 70/111 (現在のスコア: 0.000)
2025-08-07 12:47:41,645 - INFO - [抽出] YOLO処理済み: 80/111 (現在のスコア: 0.768)
2025-08-07 12:47:41,645 - INFO - [抽出] YOLO処理済み: 90/111 (現在のスコア: 0.127)
2025-08-07 12:47:41,645 - INFO - [抽出] YOLO処理済み: 100/111 (現在のスコア: 0.074)
2025-08-07 12:47:41,645 - INFO - [抽出] YOLO処理済み: 110/111 (現在のスコア: 0.016)
2025-08-07 12:47:41,646 - INFO - [抽出] 人物検出スコア >= 0.05 のマスク数: 54
2025-08-07 12:47:41,646 - INFO - [抽出] YOLO検出スコア統計: 最高=0.880, 最低=0.000, 平均=0.192
2025-08-07 12:47:41,646 - INFO - [抽出] 上位10スコア: ['0.880', '0.873', '0.867', '0.866', '0.852', '0.843', '0.812', '0.810', '0.797', '0.768']
2025-08-07 12:47:41,646 - INFO - [抽出] 🎌 アニメモード使用中: yolov8x.pt
2025-08-07 12:47:41,647 - INFO - [抽出] ✅ 完了: YOLO人物検出フィルタリング (1.65秒, RAM: 2156.4MB, GPU: 2805.5MB)
2025-08-07 12:47:41,647 - INFO - [抽出] 🎯 複数キャラクター検出: 54個 → 複合スコアで最適選択
2025-08-07 12:47:41,647 - INFO - [抽出] ⚠️ マスク数制限: 54個 → 20個に制限
2025-08-07 12:47:41,647 - INFO - [抽出] 🎯 複合スコア評価開始 (基準: balanced, 20個のマスク)
2025-08-07 12:47:41,648 - INFO - [抽出] マスク1: 総合=0.462 (面積=0.03, 全身=0.51, 中央=0.77, 接地=0.55, YOLO=0.88)
2025-08-07 12:47:41,648 - INFO - [抽出] マスク2: 総合=0.599 (面積=0.20, 全身=0.69, 中央=0.79, 接地=0.79, YOLO=0.87)
2025-08-07 12:47:41,649 - INFO - [抽出] マスク3: 総合=0.392 (面積=0.20, 全身=0.04, 中央=0.68, 接地=0.66, YOLO=0.87)
2025-08-07 12:47:41,649 - INFO - [抽出] マスク4: 総合=0.460 (面積=0.03, 全身=0.41, 中央=0.71, 接地=0.79, YOLO=0.87)
2025-08-07 12:47:41,649 - INFO - [抽出] マスク5: 総合=0.404 (面積=0.09, 全身=0.28, 中央=0.67, 接地=0.58, YOLO=0.85)
2025-08-07 12:47:41,650 - INFO - [抽出] マスク6: 総合=0.408 (面積=0.14, 全身=0.06, 中央=0.77, 接地=0.73, YOLO=0.84)
2025-08-07 12:47:41,650 - INFO - [抽出] マスク7: 総合=0.439 (面積=0.25, 全身=0.07, 中央=0.73, 接地=0.79, YOLO=0.81)
2025-08-07 12:47:41,650 - INFO - [抽出] マスク8: 総合=0.543 (面積=0.04, 全身=0.78, 中央=0.53, 接地=1.00, YOLO=0.81)
2025-08-07 12:47:41,651 - INFO - [抽出] マスク9: 総合=0.497 (面積=0.38, 全身=0.12, 中央=0.77, 接地=0.79, YOLO=0.80)
2025-08-07 12:47:41,651 - INFO - [抽出] マスク10: 総合=0.460 (面積=0.03, 全身=0.42, 中央=0.79, 接地=0.74, YOLO=0.77)
2025-08-07 12:47:41,651 - INFO - [抽出] マスク11: 総合=0.421 (面積=0.02, 全身=0.63, 中央=0.65, 接地=0.34, YOLO=0.77)
2025-08-07 12:47:41,652 - INFO - [抽出] マスク12: 総合=0.397 (面積=0.05, 全身=0.44, 中央=0.58, 接地=0.55, YOLO=0.74)
2025-08-07 12:47:41,652 - INFO - [抽出] マスク13: 総合=0.406 (面積=0.07, 全身=0.22, 中央=0.74, 接地=0.79, YOLO=0.62)
2025-08-07 12:47:41,652 - INFO - [抽出] マスク14: 総合=0.383 (面積=0.01, 全身=0.26, 中央=0.70, 接地=0.79, YOLO=0.56)
2025-08-07 12:47:41,652 - INFO - [抽出] マスク15: 総合=0.553 (面積=0.06, 全身=0.86, 中央=0.73, 接地=0.79, YOLO=0.55)
2025-08-07 12:47:41,652 - INFO - [抽出] マスク16: 総合=0.328 (面積=0.03, 全身=0.00, 中央=0.58, 接地=0.99, YOLO=0.53)
2025-08-07 12:47:41,653 - INFO - [抽出] マスク17: 総合=0.281 (面積=0.16, 全身=0.00, 中央=0.47, 接地=0.58, YOLO=0.52)
2025-08-07 12:47:41,653 - INFO - [抽出] マスク18: 総合=0.442 (面積=0.13, 全身=0.55, 中央=0.66, 接地=0.54, YOLO=0.52)
2025-08-07 12:47:41,653 - INFO - [抽出] マスク19: 総合=0.337 (面積=0.06, 全身=0.00, 中央=0.82, 接地=0.73, YOLO=0.45)
2025-08-07 12:47:41,653 - INFO - [抽出] マスク20: 総合=0.412 (面積=0.06, 全身=0.32, 中央=0.83, 接地=0.68, YOLO=0.45)
2025-08-07 12:47:41,654 - INFO - [抽出] ✅ 最適マスク選択: 複合スコア 0.599, 品質スコア 0.763
2025-08-07 12:47:41,654 - INFO - [抽出] ✅ 保存完了: kana08_0005.jpg (品質: 0.763)
2025-08-07 12:47:41,654 - INFO - [抽出] 
2025-08-07 12:47:41,654 - INFO - [抽出] 進捗: 7/26 - kana08_0006.jpg
2025-08-07 12:47:41,654 - INFO - [抽出] 🔄 開始: 画像読み込み (RAM: 2156.4MB, GPU: 2805.5MB)
2025-08-07 12:47:41,655 - INFO - [抽出] ✅ 完了: 画像読み込み (0.06秒, RAM: 2156.4MB, GPU: 2805.5MB)
2025-08-07 12:47:41,655 - INFO - [抽出] カラー判定: 最大チャンネル差分=0.000, 閾値=0.01, 結果=グレースケール
2025-08-07 12:47:41,655 - INFO - [抽出] 🔄 開始: SAMマスク生成 (RAM: 2156.4MB, GPU: 2805.5MB)
2025-08-07 12:47:41,655 - INFO - [抽出] SAMでマスクを生成中...
2025-08-07 12:47:41,655 - INFO - [抽出] 生成されたマスク数: 104
2025-08-07 12:47:41,655 - INFO - [抽出] マスク面積統計: 最小=198, 最大=913343, 平均=52437
2025-08-07 12:47:41,656 - INFO - [抽出] ✅ 完了: SAMマスク生成 (32.89秒, RAM: 2156.4MB, GPU: 2805.5MB)
2025-08-07 12:47:41,656 - INFO - [抽出] 🔄 開始: YOLO人物検出フィルタリング (RAM: 2156.4MB, GPU: 2805.5MB)
2025-08-07 12:47:41,656 - INFO - [抽出] YOLOv8で人物検出スコアを計算中...
2025-08-07 12:47:41,656 - INFO - [抽出] YOLOv8で104個のマスクを評価開始...
2025-08-07 12:47:41,657 - INFO - [抽出] YOLO処理済み: 10/104 (現在のスコア: 0.032)
2025-08-07 12:47:41,657 - INFO - [抽出] YOLO処理済み: 20/104 (現在のスコア: 0.094)
2025-08-07 12:47:41,657 - INFO - [抽出] YOLO処理済み: 30/104 (現在のスコア: 0.091)
2025-08-07 12:47:41,657 - INFO - [抽出] YOLO処理済み: 40/104 (現在のスコア: 0.044)
2025-08-07 12:47:41,658 - INFO - [抽出] YOLO処理済み: 50/104 (現在のスコア: 0.011)
2025-08-07 12:47:41,658 - INFO - [抽出] YOLO処理済み: 60/104 (現在のスコア: 0.771)
2025-08-07 12:47:41,658 - INFO - [抽出] YOLO処理済み: 70/104 (現在のスコア: 0.083)
2025-08-07 12:47:41,659 - INFO - [抽出] YOLO処理済み: 80/104 (現在のスコア: 0.012)
2025-08-07 12:47:41,659 - INFO - [抽出] YOLO処理済み: 90/104 (現在のスコア: 0.018)
2025-08-07 12:47:41,659 - INFO - [抽出] YOLO処理済み: 100/104 (現在のスコア: 0.016)
2025-08-07 12:47:41,659 - INFO - [抽出] 人物検出スコア >= 0.05 のマスク数: 60
2025-08-07 12:47:41,660 - INFO - [抽出] YOLO検出スコア統計: 最高=0.903, 最低=0.000, 平均=0.207
2025-08-07 12:47:41,660 - INFO - [抽出] 上位10スコア: ['0.903', '0.886', '0.871', '0.827', '0.811', '0.789', '0.771', '0.760', '0.745', '0.691']
2025-08-07 12:47:41,660 - INFO - [抽出] 🎌 アニメモード使用中: yolov8x.pt
2025-08-07 12:47:41,661 - INFO - [抽出] ✅ 完了: YOLO人物検出フィルタリング (1.45秒, RAM: 2156.4MB, GPU: 2805.5MB)
2025-08-07 12:47:41,661 - INFO - [抽出] 🎯 複数キャラクター検出: 60個 → 複合スコアで最適選択
2025-08-07 12:47:41,661 - INFO - [抽出] ⚠️ マスク数制限: 60個 → 20個に制限
2025-08-07 12:47:41,662 - INFO - [抽出] 🎯 複合スコア評価開始 (基準: balanced, 20個のマスク)
2025-08-07 12:47:41,662 - INFO - [抽出] マスク1: 総合=0.387 (面積=0.17, 全身=0.00, 中央=0.48, 接地=1.00, YOLO=0.90)
2025-08-07 12:47:41,662 - INFO - [抽出] マスク2: 総合=0.455 (面積=0.14, 全身=0.23, 中央=0.58, 接地=1.00, YOLO=0.89)
2025-08-07 12:47:41,662 - INFO - [抽出] マスク3: 総合=0.444 (面積=0.12, 全身=0.39, 中央=0.65, 接地=0.63, YOLO=0.87)
2025-08-07 12:47:41,663 - INFO - [抽出] マスク4: 総合=0.371 (面積=0.09, 全身=0.05, 中央=0.53, 接地=0.95, YOLO=0.83)
2025-08-07 12:47:41,663 - INFO - [抽出] マスク5: 総合=0.471 (面積=0.09, 全身=0.37, 中央=0.74, 接地=0.82, YOLO=0.81)
2025-08-07 12:47:41,664 - INFO - [抽出] マスク6: 総合=0.417 (面積=0.09, 全身=0.07, 中央=0.89, 接地=0.78, YOLO=0.79)
2025-08-07 12:47:41,664 - INFO - [抽出] マスク7: 総合=0.279 (面積=0.05, 全身=0.31, 中央=0.40, 接地=0.19, YOLO=0.77)
2025-08-07 12:47:41,664 - INFO - [抽出] マスク8: 総合=0.391 (面積=0.18, 全身=0.03, 中央=0.64, 接地=0.85, YOLO=0.76)
2025-08-07 12:47:41,664 - INFO - [抽出] マスク9: 総合=0.442 (面積=0.16, 全身=0.69, 中央=0.44, 接地=0.40, YOLO=0.74)
2025-08-07 12:47:41,664 - INFO - [抽出] マスク10: 総合=0.463 (面積=0.10, 全身=0.56, 中央=0.63, 接地=0.67, YOLO=0.69)
2025-08-07 12:47:41,665 - INFO - [抽出] マスク11: 総合=0.520 (面積=0.15, 全身=0.50, 中央=0.90, 接地=0.71, YOLO=0.63)
2025-08-07 12:47:41,665 - INFO - [抽出] マスク12: 総合=0.313 (面積=0.05, 全身=0.00, 中央=0.43, 接地=1.00, YOLO=0.62)
2025-08-07 12:47:41,665 - INFO - [抽出] マスク13: 総合=0.441 (面積=0.01, 全身=0.46, 中央=0.71, 接地=0.82, YOLO=0.57)
2025-08-07 12:47:41,665 - INFO - [抽出] マスク14: 総合=0.552 (面積=0.21, 全身=0.73, 中央=0.63, 接地=0.83, YOLO=0.57)
2025-08-07 12:47:41,665 - INFO - [抽出] マスク15: 総合=0.507 (面積=0.13, 全身=0.69, 中央=0.66, 接地=0.73, YOLO=0.55)
2025-08-07 12:47:41,666 - INFO - [抽出] マスク16: 総合=0.337 (面積=0.07, 全身=0.45, 中央=0.55, 接地=0.25, YOLO=0.53)
2025-08-07 12:47:41,666 - INFO - [抽出] マスク17: 総合=0.519 (面積=0.72, 全身=0.00, 中央=0.71, 接地=0.71, YOLO=0.53)
2025-08-07 12:47:41,666 - INFO - [抽出] マスク18: 総合=0.311 (面積=0.02, 全身=0.00, 中央=0.52, 接地=1.00, YOLO=0.49)
2025-08-07 12:47:41,666 - INFO - [抽出] マスク19: 総合=0.360 (面積=0.03, 全身=0.63, 中央=0.55, 接地=0.23, YOLO=0.49)
2025-08-07 12:47:41,666 - INFO - [抽出] マスク20: 総合=0.277 (面積=0.06, 全身=0.05, 中央=0.62, 接地=0.51, YOLO=0.46)
2025-08-07 12:47:41,667 - INFO - [抽出] ✅ 最適マスク選択: 複合スコア 0.552, 品質スコア 0.561
2025-08-07 12:47:41,667 - INFO - [抽出] ✅ 保存完了: kana08_0006.jpg (品質: 0.561)
2025-08-07 12:47:41,667 - INFO - [抽出] 
2025-08-07 12:47:41,667 - INFO - [抽出] 進捗: 8/26 - kana08_0007.jpg
2025-08-07 12:47:41,667 - INFO - [抽出] 🔄 開始: 画像読み込み (RAM: 2156.4MB, GPU: 2805.5MB)
2025-08-07 12:47:41,668 - INFO - [抽出] ✅ 完了: 画像読み込み (0.05秒, RAM: 2156.4MB, GPU: 2805.5MB)
2025-08-07 12:47:41,668 - INFO - [抽出] カラー判定: 最大チャンネル差分=0.000, 閾値=0.01, 結果=グレースケール
2025-08-07 12:47:41,668 - INFO - [抽出] 🔄 開始: SAMマスク生成 (RAM: 2156.4MB, GPU: 2805.5MB)
2025-08-07 12:47:41,668 - INFO - [抽出] SAMでマスクを生成中...
2025-08-07 12:47:41,668 - INFO - [抽出] 生成されたマスク数: 80
2025-08-07 12:47:41,669 - INFO - [抽出] マスク面積統計: 最小=320, 最大=584436, 平均=65919
2025-08-07 12:47:41,669 - INFO - [抽出] ✅ 完了: SAMマスク生成 (9.70秒, RAM: 2157.5MB, GPU: 2805.5MB)
2025-08-07 12:47:41,669 - INFO - [抽出] 🔄 開始: YOLO人物検出フィルタリング (RAM: 2156.9MB, GPU: 2805.5MB)
2025-08-07 12:47:41,669 - INFO - [抽出] YOLOv8で人物検出スコアを計算中...
2025-08-07 12:47:41,669 - INFO - [抽出] YOLOv8で80個のマスクを評価開始...
2025-08-07 12:48:31,293 - INFO - [抽出] YOLO処理済み: 10/80 (現在のスコア: 0.000)
2025-08-07 12:48:31,293 - INFO - [抽出] YOLO処理済み: 20/80 (現在のスコア: 0.000)
2025-08-07 12:48:31,294 - INFO - [抽出] YOLO処理済み: 30/80 (現在のスコア: 0.642)
2025-08-07 12:48:31,294 - INFO - [抽出] YOLO処理済み: 40/80 (現在のスコア: 0.000)
2025-08-07 12:48:31,294 - INFO - [抽出] YOLO処理済み: 50/80 (現在のスコア: 0.791)
2025-08-07 12:48:31,294 - INFO - [抽出] YOLO処理済み: 60/80 (現在のスコア: 0.900)
2025-08-07 12:48:31,294 - INFO - [抽出] YOLO処理済み: 70/80 (現在のスコア: 0.032)
2025-08-07 12:48:31,294 - INFO - [抽出] YOLO処理済み: 80/80 (現在のスコア: 0.000)
2025-08-07 12:48:31,295 - INFO - [抽出] 人物検出スコア >= 0.05 のマスク数: 38
2025-08-07 12:48:31,295 - INFO - [抽出] YOLO検出スコア統計: 最高=0.952, 最低=0.000, 平均=0.193
2025-08-07 12:48:31,295 - INFO - [抽出] 上位10スコア: ['0.952', '0.900', '0.883', '0.862', '0.856', '0.831', '0.809', '0.809', '0.791', '0.742']
2025-08-07 12:48:31,295 - INFO - [抽出] 🎌 アニメモード使用中: yolov8x.pt
2025-08-07 12:48:31,295 - INFO - [抽出] ✅ 完了: YOLO人物検出フィルタリング (1.23秒, RAM: 2156.9MB, GPU: 2805.5MB)
2025-08-07 12:48:31,295 - INFO - [抽出] 🎯 複数キャラクター検出: 38個 → 複合スコアで最適選択
2025-08-07 12:48:31,296 - INFO - [抽出] ⚠️ マスク数制限: 38個 → 20個に制限
2025-08-07 12:48:31,296 - INFO - [抽出] 🎯 複合スコア評価開始 (基準: balanced, 20個のマスク)
2025-08-07 12:48:31,296 - INFO - [抽出] マスク1: 総合=0.449 (面積=0.10, 全身=0.54, 中央=0.63, 接地=0.42, YOLO=0.95)
2025-08-07 12:48:31,296 - INFO - [抽出] マスク2: 総合=0.337 (面積=0.25, 全身=0.00, 中央=0.55, 接地=0.42, YOLO=0.90)
2025-08-07 12:48:31,296 - INFO - [抽出] マスク3: 総合=0.405 (面積=0.15, 全身=0.38, 中央=0.54, 接地=0.45, YOLO=0.88)
2025-08-07 12:48:31,296 - INFO - [抽出] マスク4: 総合=0.345 (面積=0.03, 全身=0.38, 中央=0.58, 接地=0.27, YOLO=0.86)
2025-08-07 12:48:31,297 - INFO - [抽出] マスク5: 総合=0.437 (面積=0.04, 全身=0.44, 中央=0.50, 接地=0.86, YOLO=0.86)
2025-08-07 12:48:31,297 - INFO - [抽出] マスク6: 総合=0.504 (面積=0.07, 全身=0.90, 中央=0.55, 接地=0.45, YOLO=0.83)
2025-08-07 12:48:31,297 - INFO - [抽出] マスク7: 総合=0.414 (面積=0.23, 全身=0.00, 中央=0.85, 接地=0.63, YOLO=0.81)
2025-08-07 12:48:31,297 - INFO - [抽出] マスク8: 総合=0.302 (面積=0.18, 全身=0.00, 中央=0.54, 接地=0.40, YOLO=0.81)
2025-08-07 12:48:31,297 - INFO - [抽出] マスク9: 総合=0.444 (面積=0.23, 全身=0.00, 中央=0.73, 接地=1.00, YOLO=0.79)
2025-08-07 12:48:31,298 - INFO - [抽出] マスク10: 総合=0.530 (面積=0.20, 全身=0.54, 中央=0.66, 接地=0.86, YOLO=0.74)
2025-08-07 12:48:31,298 - INFO - [抽出] マスク11: 総合=0.249 (面積=0.03, 全身=0.07, 中央=0.61, 接地=0.26, YOLO=0.64)
2025-08-07 12:48:31,298 - INFO - [抽出] マスク12: 総合=0.308 (面積=0.09, 全身=0.32, 中央=0.49, 接地=0.28, YOLO=0.60)
2025-08-07 12:48:31,298 - INFO - [抽出] マスク13: 総合=0.263 (面積=0.06, 全身=0.00, 中央=0.60, 接地=0.45, YOLO=0.57)
2025-08-07 12:48:31,298 - INFO - [抽出] マスク14: 総合=0.420 (面積=0.06, 全身=0.45, 中央=0.60, 接地=0.82, YOLO=0.49)
2025-08-07 12:48:31,298 - INFO - [抽出] マスク15: 総合=0.457 (面積=0.22, 全身=0.42, 中央=0.62, 接地=0.76, YOLO=0.48)
2025-08-07 12:48:31,299 - INFO - [抽出] マスク16: 総合=0.363 (面積=0.03, 全身=0.46, 中央=0.67, 接地=0.39, YOLO=0.47)
2025-08-07 12:48:31,299 - INFO - [抽出] マスク17: 総合=0.416 (面積=0.08, 全身=0.61, 中央=0.66, 接地=0.42, YOLO=0.44)
2025-08-07 12:48:31,299 - INFO - [抽出] マスク18: 総合=0.305 (面積=0.16, 全身=0.00, 中央=0.64, 接地=0.61, YOLO=0.39)
2025-08-07 12:48:31,299 - INFO - [抽出] マスク19: 総合=0.306 (面積=0.07, 全身=0.08, 中央=0.69, 接地=0.61, YOLO=0.35)
2025-08-07 12:48:31,299 - INFO - [抽出] マスク20: 総合=0.230 (面積=0.05, 全身=0.22, 中央=0.50, 接地=0.23, YOLO=0.25)
2025-08-07 12:48:31,299 - INFO - [抽出] ✅ 最適マスク選択: 複合スコア 0.530, 品質スコア 0.657
2025-08-07 12:48:31,300 - INFO - [抽出] ✅ 保存完了: kana08_0007.jpg (品質: 0.657)
2025-08-07 12:48:31,300 - INFO - [抽出] 
2025-08-07 12:48:31,300 - INFO - [抽出] 進捗: 9/26 - kana08_0008.jpg
2025-08-07 12:48:31,300 - INFO - [抽出] 🔄 開始: 画像読み込み (RAM: 2156.9MB, GPU: 2805.5MB)
2025-08-07 12:48:31,300 - INFO - [抽出] ✅ 完了: 画像読み込み (0.04秒, RAM: 2156.9MB, GPU: 2805.5MB)
2025-08-07 12:48:31,300 - INFO - [抽出] カラー判定: 最大チャンネル差分=0.000, 閾値=0.01, 結果=グレースケール
2025-08-07 12:48:31,300 - INFO - [抽出] 🔄 開始: SAMマスク生成 (RAM: 2156.9MB, GPU: 2805.5MB)
2025-08-07 12:48:31,301 - INFO - [抽出] SAMでマスクを生成中...
2025-08-07 12:48:31,301 - INFO - [抽出] 生成されたマスク数: 94
2025-08-07 12:48:31,301 - INFO - [抽出] マスク面積統計: 最小=582, 最大=545832, 平均=59751
2025-08-07 12:48:31,301 - INFO - [抽出] ✅ 完了: SAMマスク生成 (11.04秒, RAM: 2157.0MB, GPU: 2805.5MB)
2025-08-07 12:48:31,301 - INFO - [抽出] 🔄 開始: YOLO人物検出フィルタリング (RAM: 2157.0MB, GPU: 2805.5MB)
2025-08-07 12:48:31,301 - INFO - [抽出] YOLOv8で人物検出スコアを計算中...
2025-08-07 12:48:31,302 - INFO - [抽出] YOLOv8で94個のマスクを評価開始...
2025-08-07 12:48:31,302 - INFO - [抽出] YOLO処理済み: 10/94 (現在のスコア: 0.411)
2025-08-07 12:48:31,302 - INFO - [抽出] YOLO処理済み: 20/94 (現在のスコア: 0.096)
2025-08-07 12:48:31,302 - INFO - [抽出] YOLO処理済み: 30/94 (現在のスコア: 0.000)
2025-08-07 12:48:31,302 - INFO - [抽出] YOLO処理済み: 40/94 (現在のスコア: 0.000)
2025-08-07 12:48:31,302 - INFO - [抽出] YOLO処理済み: 50/94 (現在のスコア: 0.520)
2025-08-07 12:48:31,303 - INFO - [抽出] YOLO処理済み: 60/94 (現在のスコア: 0.000)
2025-08-07 12:48:31,303 - INFO - [抽出] YOLO処理済み: 70/94 (現在のスコア: 0.000)
2025-08-07 12:48:31,303 - INFO - [抽出] YOLO処理済み: 80/94 (現在のスコア: 0.000)
2025-08-07 12:48:31,303 - INFO - [抽出] YOLO処理済み: 90/94 (現在のスコア: 0.282)
2025-08-07 12:48:31,303 - INFO - [抽出] 人物検出スコア >= 0.05 のマスク数: 48
2025-08-07 12:48:31,303 - INFO - [抽出] YOLO検出スコア統計: 最高=0.907, 最低=0.000, 平均=0.170
2025-08-07 12:48:31,303 - INFO - [抽出] 上位10スコア: ['0.907', '0.884', '0.780', '0.779', '0.758', '0.732', '0.700', '0.674', '0.668', '0.657']
2025-08-07 12:48:31,304 - INFO - [抽出] 🎌 アニメモード使用中: yolov8x.pt
2025-08-07 12:48:31,304 - INFO - [抽出] ✅ 完了: YOLO人物検出フィルタリング (1.57秒, RAM: 2157.0MB, GPU: 2805.5MB)
2025-08-07 12:48:31,304 - INFO - [抽出] 🎯 複数キャラクター検出: 48個 → 複合スコアで最適選択
2025-08-07 12:48:31,304 - INFO - [抽出] ⚠️ マスク数制限: 48個 → 20個に制限
2025-08-07 12:48:31,304 - INFO - [抽出] 🎯 複合スコア評価開始 (基準: balanced, 20個のマスク)
2025-08-07 12:48:31,304 - INFO - [抽出] マスク1: 総合=0.521 (面積=0.14, 全身=0.45, 中央=0.63, 接地=1.00, YOLO=0.91)
2025-08-07 12:48:31,305 - INFO - [抽出] マスク2: 総合=0.680 (面積=0.22, 全身=0.84, 中央=0.83, 接地=1.00, YOLO=0.88)
2025-08-07 12:48:31,305 - INFO - [抽出] マスク3: 総合=0.466 (面積=0.06, 全身=0.41, 中央=0.65, 接地=0.92, YOLO=0.78)
2025-08-07 12:48:31,305 - INFO - [抽出] マスク4: 総合=0.446 (面積=0.13, 全身=0.37, 中央=0.64, 接地=0.74, YOLO=0.78)
2025-08-07 12:48:31,305 - INFO - [抽出] マスク5: 総合=0.518 (面積=0.21, 全身=0.43, 中央=0.66, 接地=0.94, YOLO=0.76)
2025-08-07 12:48:31,305 - INFO - [抽出] マスク6: 総合=0.332 (面積=0.14, 全身=0.21, 中央=0.55, 接地=0.36, YOLO=0.73)
2025-08-07 12:48:31,305 - INFO - [抽出] マスク7: 総合=0.301 (面積=0.22, 全身=0.00, 中央=0.56, 接地=0.36, YOLO=0.70)
2025-08-07 12:48:31,305 - INFO - [抽出] マスク8: 総合=0.466 (面積=0.14, 全身=0.48, 中央=0.71, 接地=0.64, YOLO=0.67)
2025-08-07 12:48:31,306 - INFO - [抽出] マスク9: 総合=0.459 (面積=0.02, 全身=0.51, 中央=0.56, 接地=0.98, YOLO=0.67)
2025-08-07 12:48:31,306 - INFO - [抽出] マスク10: 総合=0.440 (面積=0.05, 全身=0.50, 中央=0.68, 接地=0.65, YOLO=0.66)
2025-08-07 12:48:31,306 - INFO - [抽出] マスク11: 総合=0.342 (面積=0.05, 全身=0.00, 中央=0.56, 接地=1.00, YOLO=0.64)
2025-08-07 12:48:31,306 - INFO - [抽出] マスク12: 総合=0.454 (面積=0.05, 全身=0.49, 中央=0.57, 接地=0.94, YOLO=0.61)
2025-08-07 12:48:31,306 - INFO - [抽出] マスク13: 総合=0.344 (面積=0.02, 全身=0.14, 中央=0.62, 接地=0.84, YOLO=0.53)
2025-08-07 12:48:31,306 - INFO - [抽出] マスク14: 総合=0.360 (面積=0.19, 全身=0.00, 中央=0.63, 接地=0.85, YOLO=0.52)
2025-08-07 12:48:31,307 - INFO - [抽出] マスク15: 総合=0.447 (面積=0.06, 全身=0.67, 中央=0.60, 接地=0.64, YOLO=0.47)
2025-08-07 12:48:31,307 - INFO - [抽出] マスク16: 総合=0.318 (面積=0.03, 全身=0.41, 中央=0.56, 接地=0.35, YOLO=0.42)
2025-08-07 12:48:31,307 - INFO - [抽出] マスク17: 総合=0.236 (面積=0.02, 全身=0.12, 中央=0.61, 接地=0.24, YOLO=0.41)
2025-08-07 12:48:31,307 - INFO - [抽出] マスク18: 総合=0.372 (面積=0.16, 全身=0.13, 中央=0.66, 接地=0.80, YOLO=0.39)
2025-08-07 12:48:31,307 - INFO - [抽出] マスク19: 総合=0.232 (面積=0.07, 全身=0.00, 中央=0.60, 接地=0.36, YOLO=0.38)
2025-08-07 12:48:31,307 - INFO - [抽出] マスク20: 総合=0.340 (面積=0.17, 全身=0.00, 中央=0.74, 接地=0.75, YOLO=0.28)
2025-08-07 12:48:31,308 - INFO - [抽出] ✅ 最適マスク選択: 複合スコア 0.680, 品質スコア 0.803
2025-08-07 12:48:31,308 - INFO - [抽出] ✅ 保存完了: kana08_0008.jpg (品質: 0.803)
2025-08-07 12:48:31,308 - INFO - [抽出] 
2025-08-07 12:48:31,308 - INFO - [抽出] 進捗: 10/26 - kana08_0009.jpg
2025-08-07 12:48:31,308 - INFO - [抽出] 🔄 開始: 画像読み込み (RAM: 2157.0MB, GPU: 2805.5MB)
2025-08-07 12:48:31,308 - INFO - [抽出] ✅ 完了: 画像読み込み (0.04秒, RAM: 2157.0MB, GPU: 2805.5MB)
2025-08-07 12:48:31,309 - INFO - [抽出] カラー判定: 最大チャンネル差分=0.000, 閾値=0.01, 結果=グレースケール
2025-08-07 12:48:31,309 - INFO - [抽出] 🔄 開始: SAMマスク生成 (RAM: 2157.0MB, GPU: 2805.5MB)
2025-08-07 12:48:31,309 - INFO - [抽出] SAMでマスクを生成中...
2025-08-07 12:48:31,309 - INFO - [抽出] 生成されたマスク数: 71
2025-08-07 12:48:31,309 - INFO - [抽出] マスク面積統計: 最小=2089, 最大=1387034, 平均=89661
2025-08-07 12:48:31,309 - INFO - [抽出] ✅ 完了: SAMマスク生成 (14.90秒, RAM: 2156.9MB, GPU: 2805.5MB)
2025-08-07 12:48:31,309 - INFO - [抽出] 🔄 開始: YOLO人物検出フィルタリング (RAM: 2156.9MB, GPU: 2805.5MB)
2025-08-07 12:48:31,310 - INFO - [抽出] YOLOv8で人物検出スコアを計算中...
2025-08-07 12:48:31,310 - INFO - [抽出] YOLOv8で71個のマスクを評価開始...
2025-08-07 12:48:31,310 - INFO - [抽出] YOLO処理済み: 10/71 (現在のスコア: 0.000)
2025-08-07 12:48:31,310 - INFO - [抽出] YOLO処理済み: 20/71 (現在のスコア: 0.082)
2025-08-07 12:48:31,310 - INFO - [抽出] YOLO処理済み: 30/71 (現在のスコア: 0.000)
2025-08-07 12:48:31,310 - INFO - [抽出] YOLO処理済み: 40/71 (現在のスコア: 0.000)
2025-08-07 12:48:31,311 - INFO - [抽出] YOLO処理済み: 50/71 (現在のスコア: 0.000)
2025-08-07 12:48:31,311 - INFO - [抽出] YOLO処理済み: 60/71 (現在のスコア: 0.000)
2025-08-07 12:48:31,311 - INFO - [抽出] YOLO処理済み: 70/71 (現在のスコア: 0.000)
2025-08-07 12:48:31,311 - INFO - [抽出] 人物検出スコア >= 0.05 のマスク数: 22
2025-08-07 12:48:31,311 - INFO - [抽出] YOLO検出スコア統計: 最高=0.776, 最低=0.000, 平均=0.084
2025-08-07 12:48:31,311 - INFO - [抽出] 上位10スコア: ['0.776', '0.586', '0.585', '0.525', '0.449', '0.281', '0.234', '0.223', '0.221', '0.199']
2025-08-07 12:48:31,311 - INFO - [抽出] 🎌 アニメモード使用中: yolov8x.pt
2025-08-07 12:48:31,312 - INFO - [抽出] ✅ 完了: YOLO人物検出フィルタリング (1.23秒, RAM: 2156.9MB, GPU: 2805.5MB)
2025-08-07 12:48:31,312 - INFO - [抽出] 🎯 複数キャラクター検出: 22個 → 複合スコアで最適選択
2025-08-07 12:49:38,705 - INFO - [抽出] ⚠️ マスク数制限: 22個 → 20個に制限
2025-08-07 12:49:38,706 - INFO - [抽出] 🎯 複合スコア評価開始 (基準: balanced, 20個のマスク)
2025-08-07 12:49:38,706 - INFO - [抽出] マスク1: 総合=0.391 (面積=0.05, 全身=0.00, 中央=0.91, 接地=0.79, YOLO=0.78)
2025-08-07 12:49:38,706 - INFO - [抽出] マスク2: 総合=0.507 (面積=0.12, 全身=0.50, 中央=0.84, 接地=0.78, YOLO=0.59)
2025-08-07 12:49:38,706 - INFO - [抽出] マスク3: 総合=0.473 (面積=0.14, 全身=0.36, 中央=0.92, 接地=0.65, YOLO=0.59)
2025-08-07 12:49:38,706 - INFO - [抽出] マスク4: 総合=0.321 (面積=0.02, 全身=0.01, 中央=0.64, 接地=0.88, YOLO=0.52)
2025-08-07 12:49:38,707 - INFO - [抽出] マスク5: 総合=0.344 (面積=0.11, 全身=0.00, 中央=0.77, 接地=0.75, YOLO=0.45)
2025-08-07 12:49:38,707 - INFO - [抽出] マスク6: 総合=0.389 (面積=0.03, 全身=0.38, 中央=0.73, 接地=0.72, YOLO=0.28)
2025-08-07 12:49:38,707 - INFO - [抽出] マスク7: 総合=0.445 (面積=0.03, 全身=0.58, 中央=0.70, 接地=0.84, YOLO=0.23)
2025-08-07 12:49:38,707 - INFO - [抽出] マスク8: 総合=0.320 (面積=0.09, 全身=0.00, 中央=0.79, 接地=0.75, YOLO=0.22)
2025-08-07 12:49:38,707 - INFO - [抽出] マスク9: 総合=0.358 (面積=0.06, 全身=0.38, 中央=0.73, 接地=0.52, YOLO=0.22)
2025-08-07 12:49:38,707 - INFO - [抽出] マスク10: 総合=0.423 (面積=0.07, 全身=0.42, 中央=0.91, 接地=0.64, YOLO=0.20)
2025-08-07 12:49:38,708 - INFO - [抽出] マスク11: 総合=0.442 (面積=0.18, 全身=0.37, 中央=0.74, 接地=0.86, YOLO=0.19)
2025-08-07 12:49:38,708 - INFO - [抽出] マスク12: 総合=0.326 (面積=0.02, 全身=0.00, 中央=0.92, 接地=0.79, YOLO=0.18)
2025-08-07 12:49:38,708 - INFO - [抽出] マスク13: 総合=0.240 (面積=0.06, 全身=0.30, 中央=0.52, 接地=0.18, YOLO=0.15)
2025-08-07 12:49:38,708 - INFO - [抽出] マスク14: 総合=0.333 (面積=0.08, 全身=0.58, 中央=0.49, 接地=0.35, YOLO=0.14)
2025-08-07 12:49:38,708 - INFO - [抽出] マスク15: 総合=0.306 (面積=0.14, 全身=0.00, 中央=0.51, 接地=1.00, YOLO=0.13)
2025-08-07 12:49:38,708 - INFO - [抽出] マスク16: 総合=0.206 (面積=0.01, 全身=0.00, 中央=0.68, 接地=0.35, YOLO=0.13)
2025-08-07 12:49:38,709 - INFO - [抽出] マスク17: 総合=0.479 (面積=0.38, 全身=0.38, 中央=0.70, 接地=0.78, YOLO=0.10)
2025-08-07 12:49:38,709 - INFO - [抽出] マスク18: 総合=0.295 (面積=0.03, 全身=0.04, 中央=0.72, 接地=0.81, YOLO=0.09)
2025-08-07 12:49:38,709 - INFO - [抽出] マスク19: 総合=0.530 (面積=0.19, 全身=0.88, 中央=0.61, 接地=0.83, YOLO=0.08)
2025-08-07 12:49:38,709 - INFO - [抽出] マスク20: 総合=0.328 (面積=0.00, 全身=0.22, 中央=0.83, 接地=0.66, YOLO=0.08)
2025-08-07 12:49:38,709 - INFO - [抽出] ✅ 最適マスク選択: 複合スコア 0.530, 品質スコア 0.261
2025-08-07 12:49:38,709 - INFO - [抽出] ✅ 保存完了: kana08_0009.jpg (品質: 0.261)
2025-08-07 12:49:38,709 - INFO - [抽出] 
2025-08-07 12:49:38,710 - INFO - [抽出] 進捗: 11/26 - kana08_0010.jpg
2025-08-07 12:49:38,710 - INFO - [抽出] 🔄 開始: 画像読み込み (RAM: 2156.9MB, GPU: 2805.5MB)
2025-08-07 12:49:38,710 - INFO - [抽出] ✅ 完了: 画像読み込み (0.04秒, RAM: 2156.9MB, GPU: 2805.5MB)
2025-08-07 12:49:38,710 - INFO - [抽出] カラー判定: 最大チャンネル差分=0.000, 閾値=0.01, 結果=グレースケール
2025-08-07 12:49:38,710 - INFO - [抽出] 🔄 開始: SAMマスク生成 (RAM: 2156.9MB, GPU: 2805.5MB)
2025-08-07 12:49:38,710 - INFO - [抽出] SAMでマスクを生成中...
2025-08-07 12:49:38,711 - INFO - [抽出] 生成されたマスク数: 82
2025-08-07 12:49:38,711 - INFO - [抽出] マスク面積統計: 最小=1243, 最大=685101, 平均=68540
2025-08-07 12:49:38,711 - INFO - [抽出] ✅ 完了: SAMマスク生成 (11.29秒, RAM: 2157.0MB, GPU: 2805.5MB)
2025-08-07 12:49:38,711 - INFO - [抽出] 🔄 開始: YOLO人物検出フィルタリング (RAM: 2157.0MB, GPU: 2805.5MB)
2025-08-07 12:49:38,711 - INFO - [抽出] YOLOv8で人物検出スコアを計算中...
2025-08-07 12:49:38,712 - INFO - [抽出] YOLOv8で82個のマスクを評価開始...
2025-08-07 12:49:38,712 - INFO - [抽出] YOLO処理済み: 10/82 (現在のスコア: 0.033)
2025-08-07 12:49:38,712 - INFO - [抽出] YOLO処理済み: 20/82 (現在のスコア: 0.000)
2025-08-07 12:49:38,712 - INFO - [抽出] YOLO処理済み: 30/82 (現在のスコア: 0.024)
2025-08-07 12:49:38,712 - INFO - [抽出] YOLO処理済み: 40/82 (現在のスコア: 0.000)
2025-08-07 12:49:38,712 - INFO - [抽出] YOLO処理済み: 50/82 (現在のスコア: 0.219)
2025-08-07 12:49:38,713 - INFO - [抽出] YOLO処理済み: 60/82 (現在のスコア: 0.182)
2025-08-07 12:49:38,713 - INFO - [抽出] YOLO処理済み: 70/82 (現在のスコア: 0.097)
2025-08-07 12:49:38,713 - INFO - [抽出] YOLO処理済み: 80/82 (現在のスコア: 0.000)
2025-08-07 12:49:38,713 - INFO - [抽出] 人物検出スコア >= 0.05 のマスク数: 41
2025-08-07 12:49:38,713 - INFO - [抽出] YOLO検出スコア統計: 最高=0.833, 最低=0.000, 平均=0.157
2025-08-07 12:49:38,713 - INFO - [抽出] 上位10スコア: ['0.833', '0.816', '0.645', '0.636', '0.604', '0.581', '0.575', '0.573', '0.561', '0.555']
2025-08-07 12:49:38,714 - INFO - [抽出] 🎌 アニメモード使用中: yolov8x.pt
2025-08-07 12:49:38,714 - INFO - [抽出] ✅ 完了: YOLO人物検出フィルタリング (1.38秒, RAM: 2157.0MB, GPU: 2805.5MB)
2025-08-07 12:49:38,714 - INFO - [抽出] 🎯 複数キャラクター検出: 41個 → 複合スコアで最適選択
2025-08-07 12:49:38,714 - INFO - [抽出] ⚠️ マスク数制限: 41個 → 20個に制限
2025-08-07 12:49:38,714 - INFO - [抽出] 🎯 複合スコア評価開始 (基準: balanced, 20個のマスク)
2025-08-07 12:49:38,714 - INFO - [抽出] マスク1: 総合=0.386 (面積=0.18, 全身=0.27, 中央=0.57, 接地=0.44, YOLO=0.83)
2025-08-07 12:49:38,715 - INFO - [抽出] マスク2: 総合=0.374 (面積=0.05, 全身=0.16, 中央=0.43, 接地=1.00, YOLO=0.82)
2025-08-07 12:49:38,715 - INFO - [抽出] マスク3: 総合=0.329 (面積=0.09, 全身=0.25, 中央=0.58, 接地=0.40, YOLO=0.65)
2025-08-07 12:49:38,715 - INFO - [抽出] マスク4: 総合=0.513 (面積=0.09, 全身=0.72, 中央=0.68, 接地=0.73, YOLO=0.64)
2025-08-07 12:49:38,715 - INFO - [抽出] マスク5: 総合=0.478 (面積=0.06, 全身=0.29, 中央=0.92, 接地=0.94, YOLO=0.60)
2025-08-07 12:49:38,715 - INFO - [抽出] マスク6: 総合=0.215 (面積=0.01, 全身=0.18, 中央=0.47, 接地=0.11, YOLO=0.58)
2025-08-07 12:49:38,715 - INFO - [抽出] マスク7: 総合=0.399 (面積=0.04, 全身=0.00, 中央=0.93, 接地=0.95, YOLO=0.58)
2025-08-07 12:49:38,716 - INFO - [抽出] マスク8: 総合=0.445 (面積=0.08, 全身=0.56, 中央=0.62, 接地=0.66, YOLO=0.57)
2025-08-07 12:49:38,716 - INFO - [抽出] マスク9: 総合=0.178 (面積=0.03, 全身=0.00, 中央=0.46, 接地=0.14, YOLO=0.56)
2025-08-07 12:49:38,716 - INFO - [抽出] マスク10: 総合=0.398 (面積=0.13, 全身=0.00, 中央=0.77, 接地=0.99, YOLO=0.56)
2025-08-07 12:49:38,716 - INFO - [抽出] マスク11: 総合=0.154 (面積=0.00, 全身=0.00, 中央=0.44, 接地=0.07, YOLO=0.54)
2025-08-07 12:49:38,716 - INFO - [抽出] マスク12: 総合=0.392 (面積=0.04, 全身=0.38, 中央=0.66, 接地=0.72, YOLO=0.44)
2025-08-07 12:49:38,716 - INFO - [抽出] マスク13: 総合=0.406 (面積=0.28, 全身=0.08, 中央=0.77, 接地=0.74, YOLO=0.39)
2025-08-07 12:49:38,716 - INFO - [抽出] マスク14: 総合=0.449 (面積=0.02, 全身=0.33, 中央=0.91, 接地=0.95, YOLO=0.35)
2025-08-07 12:49:38,717 - INFO - [抽出] マスク15: 総合=0.377 (面積=0.04, 全身=0.34, 中央=0.59, 接地=0.86, YOLO=0.33)
2025-08-07 12:49:38,717 - INFO - [抽出] マスク16: 総合=0.597 (面積=0.23, 全身=0.88, 中央=0.86, 接地=0.73, YOLO=0.28)
2025-08-07 12:49:38,717 - INFO - [抽出] マスク17: 総合=0.380 (面積=0.04, 全身=0.45, 中央=0.38, 接地=1.00, YOLO=0.28)
2025-08-07 12:49:38,717 - INFO - [抽出] マスク18: 総合=0.544 (面積=0.14, 全身=0.96, 中央=0.42, 接地=1.00, YOLO=0.27)
2025-08-07 12:49:38,717 - INFO - [抽出] マスク19: 総合=0.447 (面積=0.06, 全身=0.78, 中央=0.55, 接地=0.66, YOLO=0.26)
2025-08-07 12:49:38,717 - INFO - [抽出] マスク20: 総合=0.343 (面積=0.12, 全身=0.13, 中央=0.55, 接地=0.93, YOLO=0.25)
2025-08-07 12:49:38,718 - INFO - [抽出] ✅ 最適マスク選択: 複合スコア 0.597, 品質スコア 0.408
2025-08-07 12:49:38,718 - INFO - [抽出] ✅ 保存完了: kana08_0010.jpg (品質: 0.408)
2025-08-07 12:49:38,718 - INFO - [抽出] 
2025-08-07 12:49:38,718 - INFO - [抽出] 進捗: 12/26 - kana08_0011.jpg
2025-08-07 12:49:38,718 - INFO - [抽出] 🔄 開始: 画像読み込み (RAM: 2157.0MB, GPU: 2805.5MB)
2025-08-07 12:49:38,718 - INFO - [抽出] ✅ 完了: 画像読み込み (0.04秒, RAM: 2157.0MB, GPU: 2805.5MB)
2025-08-07 12:49:38,719 - INFO - [抽出] カラー判定: 最大チャンネル差分=0.000, 閾値=0.01, 結果=グレースケール
2025-08-07 12:49:38,719 - INFO - [抽出] 🔄 開始: SAMマスク生成 (RAM: 2157.0MB, GPU: 2805.5MB)
2025-08-07 12:49:38,719 - INFO - [抽出] SAMでマスクを生成中...
2025-08-07 12:49:38,719 - INFO - [抽出] 生成されたマスク数: 98
2025-08-07 12:49:38,719 - INFO - [抽出] マスク面積統計: 最小=697, 最大=706869, 平均=71452
2025-08-07 12:49:38,719 - INFO - [抽出] ✅ 完了: SAMマスク生成 (27.92秒, RAM: 2157.4MB, GPU: 2805.5MB)
2025-08-07 12:49:38,720 - INFO - [抽出] 🔄 開始: YOLO人物検出フィルタリング (RAM: 2157.4MB, GPU: 2805.5MB)
2025-08-07 12:49:38,720 - INFO - [抽出] YOLOv8で人物検出スコアを計算中...
2025-08-07 12:49:38,720 - INFO - [抽出] YOLOv8で98個のマスクを評価開始...
2025-08-07 12:49:38,720 - INFO - [抽出] YOLO処理済み: 10/98 (現在のスコア: 0.000)
2025-08-07 12:49:38,720 - INFO - [抽出] YOLO処理済み: 20/98 (現在のスコア: 0.369)
2025-08-07 12:49:38,720 - INFO - [抽出] YOLO処理済み: 30/98 (現在のスコア: 0.023)
2025-08-07 12:49:38,721 - INFO - [抽出] YOLO処理済み: 40/98 (現在のスコア: 0.562)
2025-08-07 12:49:38,721 - INFO - [抽出] YOLO処理済み: 50/98 (現在のスコア: 0.056)
2025-08-07 12:49:38,721 - INFO - [抽出] YOLO処理済み: 60/98 (現在のスコア: 0.053)
2025-08-07 12:49:38,721 - INFO - [抽出] YOLO処理済み: 70/98 (現在のスコア: 0.000)
2025-08-07 12:49:38,721 - INFO - [抽出] YOLO処理済み: 80/98 (現在のスコア: 0.000)
2025-08-07 12:49:38,721 - INFO - [抽出] YOLO処理済み: 90/98 (現在のスコア: 0.000)
2025-08-07 12:49:38,722 - INFO - [抽出] 人物検出スコア >= 0.05 のマスク数: 47
2025-08-07 12:49:38,722 - INFO - [抽出] YOLO検出スコア統計: 最高=0.909, 最低=0.000, 平均=0.144
2025-08-07 12:49:38,722 - INFO - [抽出] 上位10スコア: ['0.909', '0.811', '0.732', '0.717', '0.711', '0.696', '0.681', '0.625', '0.562', '0.505']
2025-08-07 12:49:38,722 - INFO - [抽出] 🎌 アニメモード使用中: yolov8x.pt
2025-08-07 12:49:38,722 - INFO - [抽出] ✅ 完了: YOLO人物検出フィルタリング (1.53秒, RAM: 2157.4MB, GPU: 2805.5MB)
2025-08-07 12:49:38,722 - INFO - [抽出] 🎯 複数キャラクター検出: 47個 → 複合スコアで最適選択
2025-08-07 12:49:38,722 - INFO - [抽出] ⚠️ マスク数制限: 47個 → 20個に制限
2025-08-07 12:49:38,723 - INFO - [抽出] 🎯 複合スコア評価開始 (基準: balanced, 20個のマスク)
2025-08-07 12:49:38,723 - INFO - [抽出] マスク1: 総合=0.520 (面積=0.07, 全身=0.59, 中央=0.54, 接地=1.00, YOLO=0.91)
2025-08-07 12:49:38,723 - INFO - [抽出] マスク2: 総合=0.401 (面積=0.20, 全身=0.00, 中央=0.55, 接地=1.00, YOLO=0.81)
2025-08-07 12:49:38,723 - INFO - [抽出] マスク3: 総合=0.528 (面積=0.56, 全身=0.00, 中央=0.68, 接地=1.00, YOLO=0.73)
2025-08-07 12:49:38,723 - INFO - [抽出] マスク4: 総合=0.472 (面積=0.15, 全身=0.39, 中央=0.68, 接地=0.81, YOLO=0.72)
2025-08-07 12:49:38,723 - INFO - [抽出] マスク5: 総合=0.500 (面積=0.52, 全身=0.00, 中央=0.61, 接地=1.00, YOLO=0.71)
2025-08-07 12:49:38,724 - INFO - [抽出] マスク6: 総合=0.355 (面積=0.13, 全身=0.00, 中央=0.62, 接地=0.81, YOLO=0.70)
2025-08-07 12:49:38,724 - INFO - [抽出] マスク7: 総合=0.306 (面積=0.03, 全身=0.09, 中央=0.65, 接地=0.49, YOLO=0.68)
2025-08-07 12:51:21,816 - INFO - [抽出] マスク8: 総合=0.313 (面積=0.02, 全身=0.35, 中央=0.61, 接地=0.24, YOLO=0.62)
2025-08-07 12:51:21,817 - INFO - [抽出] マスク9: 総合=0.308 (面積=0.02, 全身=0.00, 中央=0.48, 接地=1.00, YOLO=0.56)
2025-08-07 12:51:21,817 - INFO - [抽出] マスク10: 総合=0.302 (面積=0.01, 全身=0.00, 中央=0.57, 接地=0.90, YOLO=0.51)
2025-08-07 12:51:21,817 - INFO - [抽出] マスク11: 総合=0.300 (面積=0.10, 全身=0.00, 中央=0.58, 接地=0.78, YOLO=0.39)
2025-08-07 12:51:21,817 - INFO - [抽出] マスク12: 総合=0.181 (面積=0.05, 全身=0.00, 中央=0.52, 接地=0.16, YOLO=0.37)
2025-08-07 12:51:21,818 - INFO - [抽出] マスク13: 総合=0.392 (面積=0.07, 全身=0.18, 中央=0.75, 接地=0.93, YOLO=0.37)
2025-08-07 12:51:21,818 - INFO - [抽出] マスク14: 総合=0.309 (面積=0.15, 全身=0.02, 中央=0.65, 接地=0.61, YOLO=0.37)
2025-08-07 12:51:21,818 - INFO - [抽出] マスク15: 総合=0.166 (面積=0.02, 全身=0.00, 中央=0.52, 接地=0.14, YOLO=0.35)
2025-08-07 12:51:21,818 - INFO - [抽出] マスク16: 総合=0.198 (面積=0.10, 全身=0.00, 中央=0.50, 接地=0.23, YOLO=0.34)
2025-08-07 12:51:21,818 - INFO - [抽出] マスク17: 総合=0.370 (面積=0.04, 全身=0.12, 中央=0.78, 接地=0.93, YOLO=0.31)
2025-08-07 12:51:21,818 - INFO - [抽出] マスク18: 総合=0.184 (面積=0.05, 全身=0.00, 中央=0.54, 接地=0.19, YOLO=0.31)
2025-08-07 12:51:21,819 - INFO - [抽出] マスク19: 総合=0.416 (面積=0.13, 全身=0.42, 中央=0.67, 接地=0.72, YOLO=0.30)
2025-08-07 12:51:21,819 - INFO - [抽出] マスク20: 総合=0.342 (面積=0.03, 全身=0.05, 中央=0.72, 接地=0.99, YOLO=0.29)
2025-08-07 12:51:21,819 - INFO - [抽出] ✅ 最適マスク選択: 複合スコア 0.528, 品質スコア 0.651
2025-08-07 12:51:21,819 - INFO - [抽出] ✅ 保存完了: kana08_0011.jpg (品質: 0.651)
2025-08-07 12:51:21,819 - INFO - [抽出] 
2025-08-07 12:51:21,819 - INFO - [抽出] 進捗: 13/26 - kana08_0012.jpg
2025-08-07 12:51:21,820 - INFO - [抽出] 🔄 開始: 画像読み込み (RAM: 2157.4MB, GPU: 2805.5MB)
2025-08-07 12:51:21,820 - INFO - [抽出] ✅ 完了: 画像読み込み (0.05秒, RAM: 2157.4MB, GPU: 2805.5MB)
2025-08-07 12:51:21,820 - INFO - [抽出] カラー判定: 最大チャンネル差分=0.000, 閾値=0.01, 結果=グレースケール
2025-08-07 12:51:21,820 - INFO - [抽出] 🔄 開始: SAMマスク生成 (RAM: 2157.4MB, GPU: 2805.5MB)
2025-08-07 12:51:21,820 - INFO - [抽出] SAMでマスクを生成中...
2025-08-07 12:51:21,820 - INFO - [抽出] 生成されたマスク数: 100
2025-08-07 12:51:21,821 - INFO - [抽出] マスク面積統計: 最小=526, 最大=287859, 平均=48123
2025-08-07 12:51:21,821 - INFO - [抽出] ✅ 完了: SAMマスク生成 (30.60秒, RAM: 2158.0MB, GPU: 2805.5MB)
2025-08-07 12:51:21,821 - INFO - [抽出] 🔄 開始: YOLO人物検出フィルタリング (RAM: 2158.0MB, GPU: 2805.5MB)
2025-08-07 12:51:21,821 - INFO - [抽出] YOLOv8で人物検出スコアを計算中...
2025-08-07 12:51:21,821 - INFO - [抽出] YOLOv8で100個のマスクを評価開始...
2025-08-07 12:51:21,821 - INFO - [抽出] YOLO処理済み: 10/100 (現在のスコア: 0.000)
2025-08-07 12:51:21,822 - INFO - [抽出] YOLO処理済み: 20/100 (現在のスコア: 0.426)
2025-08-07 12:51:21,822 - INFO - [抽出] YOLO処理済み: 30/100 (現在のスコア: 0.690)
2025-08-07 12:51:21,822 - INFO - [抽出] YOLO処理済み: 40/100 (現在のスコア: 0.516)
2025-08-07 12:51:21,822 - INFO - [抽出] YOLO処理済み: 50/100 (現在のスコア: 0.000)
2025-08-07 12:51:21,822 - INFO - [抽出] YOLO処理済み: 60/100 (現在のスコア: 0.546)
2025-08-07 12:51:21,822 - INFO - [抽出] YOLO処理済み: 70/100 (現在のスコア: 0.000)
2025-08-07 12:51:21,822 - INFO - [抽出] YOLO処理済み: 80/100 (現在のスコア: 0.017)
2025-08-07 12:51:21,823 - INFO - [抽出] YOLO処理済み: 90/100 (現在のスコア: 0.171)
2025-08-07 12:51:21,823 - INFO - [抽出] YOLO処理済み: 100/100 (現在のスコア: 0.057)
2025-08-07 12:51:21,823 - INFO - [抽出] 人物検出スコア >= 0.05 のマスク数: 57
2025-08-07 12:51:21,823 - INFO - [抽出] YOLO検出スコア統計: 最高=0.767, 最低=0.000, 平均=0.168
2025-08-07 12:51:21,823 - INFO - [抽出] 上位10スコア: ['0.767', '0.690', '0.686', '0.659', '0.621', '0.611', '0.594', '0.594', '0.593', '0.583']
2025-08-07 12:51:21,823 - INFO - [抽出] 🎌 アニメモード使用中: yolov8x.pt
2025-08-07 12:51:21,824 - INFO - [抽出] ✅ 完了: YOLO人物検出フィルタリング (1.52秒, RAM: 2158.0MB, GPU: 2805.5MB)
2025-08-07 12:51:21,824 - INFO - [抽出] 🎯 複数キャラクター検出: 57個 → 複合スコアで最適選択
2025-08-07 12:51:21,824 - INFO - [抽出] ⚠️ マスク数制限: 57個 → 20個に制限
2025-08-07 12:51:21,824 - INFO - [抽出] 🎯 複合スコア評価開始 (基準: balanced, 20個のマスク)
2025-08-07 12:51:21,824 - INFO - [抽出] マスク1: 総合=0.304 (面積=0.02, 全身=0.00, 中央=0.61, 接地=0.66, YOLO=0.77)
2025-08-07 12:51:21,824 - INFO - [抽出] マスク2: 総合=0.337 (面積=0.04, 全身=0.00, 中央=0.58, 接地=0.94, YOLO=0.69)
2025-08-07 12:51:21,824 - INFO - [抽出] マスク3: 総合=0.326 (面積=0.01, 全身=0.00, 中央=0.52, 接地=1.00, YOLO=0.69)
2025-08-07 12:51:21,825 - INFO - [抽出] マスク4: 総合=0.544 (面積=0.01, 全身=0.83, 中央=0.80, 接地=0.72, YOLO=0.66)
2025-08-07 12:51:21,825 - INFO - [抽出] マスク5: 総合=0.353 (面積=0.10, 全身=0.42, 中央=0.50, 接地=0.36, YOLO=0.62)
2025-08-07 12:51:21,825 - INFO - [抽出] マスク6: 総合=0.422 (面積=0.05, 全身=0.40, 中央=0.57, 接地=0.89, YOLO=0.61)
2025-08-07 12:51:21,825 - INFO - [抽出] マスク7: 総合=0.249 (面積=0.02, 全身=0.10, 中央=0.48, 接地=0.43, YOLO=0.59)
2025-08-07 12:51:21,825 - INFO - [抽出] マスク8: 総合=0.321 (面積=0.08, 全身=0.00, 中央=0.69, 接地=0.66, YOLO=0.59)
2025-08-07 12:51:21,825 - INFO - [抽出] マスク9: 総合=0.413 (面積=0.05, 全身=0.47, 中央=0.62, 接地=0.66, YOLO=0.59)
2025-08-07 12:51:21,826 - INFO - [抽出] マスク10: 総合=0.469 (面積=0.02, 全身=0.52, 中央=0.77, 接地=0.81, YOLO=0.58)
2025-08-07 12:51:21,826 - INFO - [抽出] マスク11: 総合=0.282 (面積=0.21, 全身=0.00, 中央=0.52, 接地=0.39, YOLO=0.57)
2025-08-07 12:51:21,826 - INFO - [抽出] マスク12: 総合=0.382 (面積=0.20, 全身=0.37, 中央=0.61, 接地=0.37, YOLO=0.55)
2025-08-07 12:51:21,826 - INFO - [抽出] マスク13: 総合=0.252 (面積=0.01, 全身=0.00, 中央=0.67, 接地=0.41, YOLO=0.54)
2025-08-07 12:51:21,826 - INFO - [抽出] マスク14: 総合=0.313 (面積=0.04, 全身=0.00, 中央=0.62, 接地=0.84, YOLO=0.52)
2025-08-07 12:51:21,826 - INFO - [抽出] マスク15: 総合=0.497 (面積=0.06, 全身=0.89, 中央=0.54, 接地=0.69, YOLO=0.45)
2025-08-07 12:51:21,826 - INFO - [抽出] マスク16: 総合=0.324 (面積=0.02, 全身=0.11, 中央=0.51, 接地=0.96, YOLO=0.43)
2025-08-07 12:51:21,827 - INFO - [抽出] マスク17: 総合=0.315 (面積=0.06, 全身=0.00, 中央=0.53, 接地=1.00, YOLO=0.42)
2025-08-07 12:51:21,827 - INFO - [抽出] マスク18: 総合=0.314 (面積=0.10, 全身=0.00, 中央=0.59, 接地=0.84, YOLO=0.41)
2025-08-07 12:51:21,827 - INFO - [抽出] マスク19: 総合=0.350 (面積=0.14, 全身=0.03, 中央=0.60, 接地=0.96, YOLO=0.37)
2025-08-07 12:51:21,827 - INFO - [抽出] マスク20: 総合=0.526 (面積=0.03, 全身=0.98, 中央=0.54, 接地=0.89, YOLO=0.34)
2025-08-07 12:51:21,827 - INFO - [抽出] ✅ 最適マスク選択: 複合スコア 0.544, 品質スコア 0.613
2025-08-07 12:51:21,827 - INFO - [抽出] ✅ 保存完了: kana08_0012.jpg (品質: 0.613)
2025-08-07 12:51:21,828 - INFO - [抽出] 
2025-08-07 12:51:21,828 - INFO - [抽出] 進捗: 14/26 - kana08_0013.jpg
2025-08-07 12:51:21,828 - INFO - [抽出] 🔄 開始: 画像読み込み (RAM: 2158.0MB, GPU: 2805.5MB)
2025-08-07 12:51:21,828 - INFO - [抽出] ✅ 完了: 画像読み込み (0.05秒, RAM: 2158.0MB, GPU: 2805.5MB)
2025-08-07 12:51:21,828 - INFO - [抽出] カラー判定: 最大チャンネル差分=0.000, 閾値=0.01, 結果=グレースケール
2025-08-07 12:51:21,828 - INFO - [抽出] 🔄 開始: SAMマスク生成 (RAM: 2158.0MB, GPU: 2805.5MB)
2025-08-07 12:51:21,829 - INFO - [抽出] SAMでマスクを生成中...
2025-08-07 12:51:21,829 - INFO - [抽出] 生成されたマスク数: 91
2025-08-07 12:51:21,829 - INFO - [抽出] マスク面積統計: 最小=446, 最大=739138, 平均=56315
2025-08-07 12:51:21,829 - INFO - [抽出] ✅ 完了: SAMマスク生成 (45.60秒, RAM: 2158.2MB, GPU: 2805.5MB)
2025-08-07 12:51:21,829 - INFO - [抽出] 🔄 開始: YOLO人物検出フィルタリング (RAM: 2159.3MB, GPU: 2805.5MB)
2025-08-07 12:51:21,829 - INFO - [抽出] YOLOv8で人物検出スコアを計算中...
2025-08-07 12:51:21,830 - INFO - [抽出] YOLOv8で91個のマスクを評価開始...
2025-08-07 12:51:21,830 - INFO - [抽出] YOLO処理済み: 10/91 (現在のスコア: 0.574)
2025-08-07 12:51:21,830 - INFO - [抽出] YOLO処理済み: 20/91 (現在のスコア: 0.360)
2025-08-07 12:51:21,830 - INFO - [抽出] YOLO処理済み: 30/91 (現在のスコア: 0.390)
2025-08-07 12:51:21,830 - INFO - [抽出] YOLO処理済み: 40/91 (現在のスコア: 0.000)
2025-08-07 12:51:21,830 - INFO - [抽出] YOLO処理済み: 50/91 (現在のスコア: 0.314)
2025-08-07 12:51:21,831 - INFO - [抽出] YOLO処理済み: 60/91 (現在のスコア: 0.000)
2025-08-07 12:51:21,831 - INFO - [抽出] YOLO処理済み: 70/91 (現在のスコア: 0.017)
2025-08-07 12:51:21,831 - INFO - [抽出] YOLO処理済み: 80/91 (現在のスコア: 0.464)
2025-08-07 12:51:21,831 - INFO - [抽出] YOLO処理済み: 90/91 (現在のスコア: 0.703)
2025-08-07 12:51:21,831 - INFO - [抽出] 人物検出スコア >= 0.05 のマスク数: 50
2025-08-07 12:51:21,831 - INFO - [抽出] YOLO検出スコア統計: 最高=0.856, 最低=0.000, 平均=0.175
2025-08-07 12:51:21,832 - INFO - [抽出] 上位10スコア: ['0.856', '0.812', '0.776', '0.708', '0.703', '0.653', '0.610', '0.574', '0.550', '0.464']
2025-08-07 12:51:21,832 - INFO - [抽出] 🎌 アニメモード使用中: yolov8x.pt
2025-08-07 12:51:21,832 - INFO - [抽出] ✅ 完了: YOLO人物検出フィルタリング (2.04秒, RAM: 2159.3MB, GPU: 2805.5MB)
2025-08-07 12:51:21,832 - INFO - [抽出] 🎯 複数キャラクター検出: 50個 → 複合スコアで最適選択
2025-08-07 12:51:21,832 - INFO - [抽出] ⚠️ マスク数制限: 50個 → 20個に制限
2025-08-07 12:51:21,832 - INFO - [抽出] 🎯 複合スコア評価開始 (基準: balanced, 20個のマスク)
2025-08-07 12:51:21,833 - INFO - [抽出] マスク1: 総合=0.483 (面積=0.12, 全身=0.37, 中央=0.70, 接地=0.88, YOLO=0.86)
2025-08-07 12:51:21,833 - INFO - [抽出] マスク2: 総合=0.261 (面積=0.07, 全身=0.00, 中央=0.59, 接地=0.27, YOLO=0.81)
2025-08-07 12:51:21,833 - INFO - [抽出] マスク3: 総合=0.346 (面積=0.03, 全身=0.40, 中央=0.60, 接地=0.26, YOLO=0.78)
2025-08-07 12:51:21,833 - INFO - [抽出] マスク4: 総合=0.363 (面積=0.04, 全身=0.08, 中央=0.77, 接地=0.70, YOLO=0.71)
2025-08-07 12:51:21,833 - INFO - [抽出] マスク5: 総合=0.450 (面積=0.07, 全身=0.39, 中央=0.75, 接地=0.76, YOLO=0.70)
2025-08-07 12:51:21,833 - INFO - [抽出] マスク6: 総合=0.332 (面積=0.07, 全身=0.00, 中央=0.47, 接地=1.00, YOLO=0.65)
2025-08-07 12:51:21,834 - INFO - [抽出] マスク7: 総合=0.366 (面積=0.03, 全身=0.54, 中央=0.60, 接地=0.27, YOLO=0.61)
2025-08-07 12:51:21,834 - INFO - [抽出] マスク8: 総合=0.347 (面積=0.06, 全身=0.00, 中央=0.77, 接地=0.78, YOLO=0.57)
2025-08-07 12:51:21,834 - INFO - [抽出] マスク9: 総合=0.221 (面積=0.06, 全身=0.04, 中央=0.45, 接地=0.31, YOLO=0.55)
2025-08-07 12:51:21,834 - INFO - [抽出] マスク10: 総合=0.550 (面積=0.04, 全身=0.86, 中央=0.87, 接地=0.69, YOLO=0.46)
2025-08-07 12:51:21,834 - INFO - [抽出] マスク11: 総合=0.274 (面積=0.01, 全身=0.30, 中央=0.46, 接地=0.40, YOLO=0.44)
2025-08-07 12:51:21,834 - INFO - [抽出] マスク12: 総合=0.568 (面積=0.20, 全身=0.46, 中央=1.00, 接地=1.00, YOLO=0.44)
2025-08-07 12:51:21,835 - INFO - [抽出] マスク13: 総合=0.178 (面積=0.03, 全身=0.00, 中央=0.54, 接地=0.13, YOLO=0.42)
2025-08-07 12:51:21,835 - INFO - [抽出] マスク14: 総合=0.392 (面積=0.07, 全身=0.37, 中央=0.61, 接地=0.78, YOLO=0.39)
2025-08-07 12:52:29,484 - INFO - [抽出] マスク15: 総合=0.481 (面積=0.11, 全身=0.57, 中央=0.60, 接地=0.98, YOLO=0.38)
2025-08-07 12:52:29,484 - INFO - [抽出] マスク16: 総合=0.458 (面積=0.01, 全身=0.51, 中央=0.86, 接地=0.78, YOLO=0.38)
2025-08-07 12:52:29,485 - INFO - [抽出] マスク17: 総合=0.345 (面積=0.02, 全身=0.39, 中央=0.71, 接地=0.43, YOLO=0.36)
2025-08-07 12:52:29,485 - INFO - [抽出] マスク18: 総合=0.348 (面積=0.02, 全身=0.33, 中央=0.37, 接地=1.00, YOLO=0.36)
2025-08-07 12:52:29,485 - INFO - [抽出] マスク19: 総合=0.295 (面積=0.04, 全身=0.00, 中央=0.50, 接地=1.00, YOLO=0.32)
2025-08-07 12:52:29,485 - INFO - [抽出] マスク20: 総合=0.400 (面積=0.09, 全身=0.42, 中央=0.46, 接地=0.96, YOLO=0.31)
2025-08-07 12:52:29,485 - INFO - [抽出] ✅ 最適マスク選択: 複合スコア 0.568, 品質スコア 0.488
2025-08-07 12:52:29,485 - INFO - [抽出] ✅ 保存完了: kana08_0013.jpg (品質: 0.488)
2025-08-07 12:52:29,486 - INFO - [抽出] 
2025-08-07 12:52:29,486 - INFO - [抽出] 進捗: 15/26 - kana08_0014.jpg
2025-08-07 12:52:29,486 - INFO - [抽出] 🔄 開始: 画像読み込み (RAM: 2159.3MB, GPU: 2805.5MB)
2025-08-07 12:52:29,486 - INFO - [抽出] ✅ 完了: 画像読み込み (0.05秒, RAM: 2159.3MB, GPU: 2805.5MB)
2025-08-07 12:52:29,486 - INFO - [抽出] カラー判定: 最大チャンネル差分=0.000, 閾値=0.01, 結果=グレースケール
2025-08-07 12:52:29,486 - INFO - [抽出] 🔄 開始: SAMマスク生成 (RAM: 2159.3MB, GPU: 2805.5MB)
2025-08-07 12:52:29,487 - INFO - [抽出] SAMでマスクを生成中...
2025-08-07 12:52:29,487 - INFO - [抽出] 生成されたマスク数: 95
2025-08-07 12:52:29,487 - INFO - [抽出] マスク面積統計: 最小=257, 最大=2920870, 平均=76151
2025-08-07 12:52:29,487 - INFO - [抽出] ✅ 完了: SAMマスク生成 (25.95秒, RAM: 2159.3MB, GPU: 2805.5MB)
2025-08-07 12:52:29,487 - INFO - [抽出] 🔄 開始: YOLO人物検出フィルタリング (RAM: 2159.3MB, GPU: 2805.5MB)
2025-08-07 12:52:29,487 - INFO - [抽出] YOLOv8で人物検出スコアを計算中...
2025-08-07 12:52:29,488 - INFO - [抽出] YOLOv8で95個のマスクを評価開始...
2025-08-07 12:52:29,488 - INFO - [抽出] YOLO処理済み: 10/95 (現在のスコア: 0.000)
2025-08-07 12:52:29,488 - INFO - [抽出] YOLO処理済み: 20/95 (現在のスコア: 0.011)
2025-08-07 12:52:29,488 - INFO - [抽出] YOLO処理済み: 30/95 (現在のスコア: 0.036)
2025-08-07 12:52:29,488 - INFO - [抽出] YOLO処理済み: 40/95 (現在のスコア: 0.015)
2025-08-07 12:52:29,488 - INFO - [抽出] YOLO処理済み: 50/95 (現在のスコア: 0.033)
2025-08-07 12:52:29,488 - INFO - [抽出] YOLO処理済み: 60/95 (現在のスコア: 0.031)
2025-08-07 12:52:29,489 - INFO - [抽出] YOLO処理済み: 70/95 (現在のスコア: 0.039)
2025-08-07 12:52:29,489 - INFO - [抽出] YOLO処理済み: 80/95 (現在のスコア: 0.069)
2025-08-07 12:52:29,489 - INFO - [抽出] YOLO処理済み: 90/95 (現在のスコア: 0.233)
2025-08-07 12:52:29,489 - INFO - [抽出] 人物検出スコア >= 0.05 のマスク数: 41
2025-08-07 12:52:29,489 - INFO - [抽出] YOLO検出スコア統計: 最高=0.800, 最低=0.000, 平均=0.141
2025-08-07 12:52:29,489 - INFO - [抽出] 上位10スコア: ['0.800', '0.750', '0.704', '0.692', '0.668', '0.630', '0.575', '0.556', '0.541', '0.513']
2025-08-07 12:52:29,490 - INFO - [抽出] 🎌 アニメモード使用中: yolov8x.pt
2025-08-07 12:52:29,490 - INFO - [抽出] ✅ 完了: YOLO人物検出フィルタリング (1.49秒, RAM: 2159.3MB, GPU: 2805.5MB)
2025-08-07 12:52:29,490 - INFO - [抽出] 🎯 複数キャラクター検出: 41個 → 複合スコアで最適選択
2025-08-07 12:52:29,490 - INFO - [抽出] ⚠️ マスク数制限: 41個 → 20個に制限
2025-08-07 12:52:29,490 - INFO - [抽出] 🎯 複合スコア評価開始 (基準: balanced, 20個のマスク)
2025-08-07 12:52:29,490 - INFO - [抽出] マスク1: 総合=0.492 (面積=0.17, 全身=0.48, 中央=0.73, 接地=0.63, YOLO=0.80)
2025-08-07 12:52:29,490 - INFO - [抽出] マスク2: 総合=0.471 (面積=0.10, 全身=0.40, 中央=0.70, 接地=0.85, YOLO=0.75)
2025-08-07 12:52:29,491 - INFO - [抽出] マスク3: 総合=0.320 (面積=0.06, 全身=0.00, 中央=0.65, 接地=0.67, YOLO=0.70)
2025-08-07 12:52:29,491 - INFO - [抽出] マスク4: 総合=0.539 (面積=0.00, 全身=0.51, 中央=0.97, 接地=1.00, YOLO=0.69)
2025-08-07 12:52:29,491 - INFO - [抽出] マスク5: 総合=0.349 (面積=0.14, 全身=0.00, 中央=0.72, 接地=0.63, YOLO=0.67)
2025-08-07 12:52:29,491 - INFO - [抽出] マスク6: 総合=0.441 (面積=0.04, 全身=0.58, 中央=0.64, 接地=0.62, YOLO=0.63)
2025-08-07 12:52:29,491 - INFO - [抽出] マスク7: 総合=0.396 (面積=0.05, 全身=0.40, 中央=0.73, 接地=0.52, YOLO=0.58)
2025-08-07 12:52:29,491 - INFO - [抽出] マスク8: 総合=0.345 (面積=0.12, 全身=0.00, 中央=0.68, 接地=0.79, YOLO=0.56)
2025-08-07 12:52:29,491 - INFO - [抽出] マスク9: 総合=0.426 (面積=0.03, 全身=0.25, 中央=0.81, 接地=0.92, YOLO=0.54)
2025-08-07 12:52:29,492 - INFO - [抽出] マスク10: 総合=0.334 (面積=0.07, 全身=0.00, 中央=0.77, 接地=0.72, YOLO=0.51)
2025-08-07 12:52:29,492 - INFO - [抽出] マスク11: 総合=0.436 (面積=0.03, 全身=0.66, 中央=0.71, 接地=0.46, YOLO=0.49)
2025-08-07 12:52:29,492 - INFO - [抽出] マスク12: 総合=0.281 (面積=0.02, 全身=0.00, 中央=0.69, 接地=0.59, YOLO=0.49)
2025-08-07 12:52:29,492 - INFO - [抽出] マスク13: 総合=0.515 (面積=0.06, 全身=0.84, 中央=0.71, 接地=0.63, YOLO=0.49)
2025-08-07 12:52:29,492 - INFO - [抽出] マスク14: 総合=0.287 (面積=0.02, 全身=0.18, 中央=0.66, 接地=0.38, YOLO=0.47)
2025-08-07 12:52:29,492 - INFO - [抽出] マスク15: 総合=0.504 (面積=0.05, 全身=0.87, 中央=0.61, 接地=0.73, YOLO=0.40)
2025-08-07 12:52:29,493 - INFO - [抽出] マスク16: 総合=0.331 (面積=0.06, 全身=0.32, 中央=0.61, 接地=0.47, YOLO=0.38)
2025-08-07 12:52:29,493 - INFO - [抽出] マスク17: 総合=0.334 (面積=0.18, 全身=0.04, 中央=0.67, 接地=0.67, YOLO=0.37)
2025-08-07 12:52:29,493 - INFO - [抽出] マスク18: 総合=0.369 (面積=0.06, 全身=0.06, 中央=0.77, 接地=1.00, YOLO=0.31)
2025-08-07 12:52:29,493 - INFO - [抽出] マスク19: 総合=0.455 (面積=0.13, 全身=0.34, 中央=0.89, 接地=0.87, YOLO=0.25)
2025-08-07 12:52:29,493 - INFO - [抽出] マスク20: 総合=0.319 (面積=0.00, 全身=0.49, 中央=0.49, 接地=0.48, YOLO=0.25)
2025-08-07 12:52:29,493 - INFO - [抽出] ✅ 最適マスク選択: 複合スコア 0.539, 品質スコア 0.631
2025-08-07 12:52:29,493 - INFO - [抽出] ✅ 保存完了: kana08_0014.jpg (品質: 0.631)
2025-08-07 12:52:29,494 - INFO - [抽出] 
2025-08-07 12:52:29,494 - INFO - [抽出] 進捗: 16/26 - kana08_0015.jpg
2025-08-07 12:52:29,494 - INFO - [抽出] 🔄 開始: 画像読み込み (RAM: 2159.3MB, GPU: 2805.5MB)
2025-08-07 12:52:29,494 - INFO - [抽出] ✅ 完了: 画像読み込み (0.05秒, RAM: 2159.3MB, GPU: 2805.5MB)
2025-08-07 12:52:29,494 - INFO - [抽出] カラー判定: 最大チャンネル差分=0.000, 閾値=0.01, 結果=グレースケール
2025-08-07 12:52:29,494 - INFO - [抽出] 🔄 開始: SAMマスク生成 (RAM: 2159.3MB, GPU: 2805.5MB)
2025-08-07 12:52:29,494 - INFO - [抽出] SAMでマスクを生成中...
2025-08-07 12:52:29,495 - INFO - [抽出] 生成されたマスク数: 95
2025-08-07 12:52:29,495 - INFO - [抽出] マスク面積統計: 最小=1707, 最大=316224, 平均=50947
2025-08-07 12:52:29,495 - INFO - [抽出] ✅ 完了: SAMマスク生成 (15.57秒, RAM: 2159.3MB, GPU: 2805.5MB)
2025-08-07 12:52:29,495 - INFO - [抽出] 🔄 開始: YOLO人物検出フィルタリング (RAM: 2159.3MB, GPU: 2805.5MB)
2025-08-07 12:52:29,495 - INFO - [抽出] YOLOv8で人物検出スコアを計算中...
2025-08-07 12:52:29,495 - INFO - [抽出] YOLOv8で95個のマスクを評価開始...
2025-08-07 12:52:29,496 - INFO - [抽出] YOLO処理済み: 10/95 (現在のスコア: 0.166)
2025-08-07 12:52:29,496 - INFO - [抽出] YOLO処理済み: 20/95 (現在のスコア: 0.013)
2025-08-07 12:52:29,496 - INFO - [抽出] YOLO処理済み: 30/95 (現在のスコア: 0.015)
2025-08-07 12:52:29,496 - INFO - [抽出] YOLO処理済み: 40/95 (現在のスコア: 0.019)
2025-08-07 12:52:29,496 - INFO - [抽出] YOLO処理済み: 50/95 (現在のスコア: 0.023)
2025-08-07 12:52:29,497 - INFO - [抽出] YOLO処理済み: 60/95 (現在のスコア: 0.173)
2025-08-07 12:52:29,497 - INFO - [抽出] YOLO処理済み: 70/95 (現在のスコア: 0.000)
2025-08-07 12:52:29,497 - INFO - [抽出] YOLO処理済み: 80/95 (現在のスコア: 0.568)
2025-08-07 12:52:29,497 - INFO - [抽出] YOLO処理済み: 90/95 (現在のスコア: 0.000)
2025-08-07 12:52:29,497 - INFO - [抽出] 人物検出スコア >= 0.05 のマスク数: 45
2025-08-07 12:52:29,497 - INFO - [抽出] YOLO検出スコア統計: 最高=0.799, 最低=0.000, 平均=0.140
2025-08-07 12:52:29,497 - INFO - [抽出] 上位10スコア: ['0.799', '0.786', '0.692', '0.655', '0.571', '0.569', '0.568', '0.549', '0.535', '0.508']
2025-08-07 12:52:29,498 - INFO - [抽出] 🎌 アニメモード使用中: yolov8x.pt
2025-08-07 12:52:29,498 - INFO - [抽出] ✅ 完了: YOLO人物検出フィルタリング (1.53秒, RAM: 2159.3MB, GPU: 2805.5MB)
2025-08-07 12:52:29,498 - INFO - [抽出] 🎯 複数キャラクター検出: 45個 → 複合スコアで最適選択
2025-08-07 12:52:29,498 - INFO - [抽出] ⚠️ マスク数制限: 45個 → 20個に制限
2025-08-07 12:52:29,498 - INFO - [抽出] 🎯 複合スコア評価開始 (基準: balanced, 20個のマスク)
2025-08-07 12:52:29,498 - INFO - [抽出] マスク1: 総合=0.476 (面積=0.04, 全身=0.57, 中央=0.75, 接地=0.61, YOLO=0.80)
2025-08-07 12:52:29,499 - INFO - [抽出] マスク2: 総合=0.394 (面積=0.04, 全身=0.00, 中央=0.81, 接地=0.95, YOLO=0.79)
2025-08-07 12:52:29,499 - INFO - [抽出] マスク3: 総合=0.330 (面積=0.07, 全身=0.12, 中央=0.61, 接地=0.59, YOLO=0.69)
2025-08-07 12:52:29,499 - INFO - [抽出] マスク4: 総合=0.370 (面積=0.02, 全身=0.22, 中央=0.51, 接地=0.94, YOLO=0.65)
2025-08-07 12:52:29,499 - INFO - [抽出] マスク5: 総合=0.558 (面積=0.05, 全身=0.95, 中央=0.74, 接地=0.67, YOLO=0.57)
2025-08-07 12:52:29,499 - INFO - [抽出] マスク6: 総合=0.407 (面積=0.15, 全身=0.08, 中央=0.74, 接地=0.91, YOLO=0.57)
2025-08-07 12:52:29,499 - INFO - [抽出] マスク7: 総合=0.550 (面積=0.12, 全身=0.77, 中央=0.57, 接地=1.00, YOLO=0.57)
2025-08-07 12:52:29,500 - INFO - [抽出] マスク8: 総合=0.273 (面積=0.02, 全身=0.00, 中央=0.47, 接地=0.79, YOLO=0.55)
2025-08-07 12:52:29,500 - INFO - [抽出] マスク9: 総合=0.350 (面積=0.04, 全身=0.20, 中央=0.59, 接地=0.79, YOLO=0.53)
2025-08-07 12:52:29,500 - INFO - [抽出] マスク10: 総合=0.349 (面積=0.14, 全身=0.00, 中央=0.77, 接地=0.69, YOLO=0.51)
2025-08-07 12:52:29,500 - INFO - [抽出] マスク11: 総合=0.329 (面積=0.08, 全身=0.00, 中央=0.65, 接地=0.85, YOLO=0.48)
2025-08-07 12:52:29,500 - INFO - [抽出] マスク12: 総合=0.359 (面積=0.15, 全身=0.00, 中央=0.77, 接地=0.81, YOLO=0.39)
2025-08-07 12:52:29,500 - INFO - [抽出] マスク13: 総合=0.309 (面積=0.08, 全身=0.00, 中央=0.80, 接地=0.59, YOLO=0.35)
2025-08-07 12:52:29,500 - INFO - [抽出] マスク14: 総合=0.391 (面積=0.18, 全身=0.15, 中央=0.59, 接地=0.98, YOLO=0.34)
2025-08-07 12:52:29,501 - INFO - [抽出] マスク15: 総合=0.429 (面積=0.05, 全身=0.49, 中央=0.80, 接地=0.68, YOLO=0.32)
2025-08-07 12:52:29,501 - INFO - [抽出] マスク16: 総合=0.288 (面積=0.01, 全身=0.00, 中央=0.72, 接地=0.74, YOLO=0.30)
2025-08-07 12:52:29,501 - INFO - [抽出] マスク17: 総合=0.307 (面積=0.01, 全身=0.00, 中央=0.75, 接地=0.82, YOLO=0.28)
2025-08-07 12:52:29,501 - INFO - [抽出] マスク18: 総合=0.344 (面積=0.02, 全身=0.20, 中央=0.70, 接地=0.81, YOLO=0.28)
2025-08-07 12:52:29,501 - INFO - [抽出] マスク19: 総合=0.356 (面積=0.02, 全身=0.00, 中央=0.94, 接地=0.89, YOLO=0.27)
2025-08-07 12:52:29,501 - INFO - [抽出] マスク20: 総合=0.359 (面積=0.01, 全身=0.19, 中央=0.89, 接地=0.70, YOLO=0.24)
2025-08-07 12:52:29,502 - INFO - [抽出] ✅ 最適マスク選択: 複合スコア 0.558, 品質スコア 0.566
2025-08-07 12:52:29,502 - INFO - [抽出] ✅ 保存完了: kana08_0015.jpg (品質: 0.566)
2025-08-07 12:52:29,502 - INFO - [抽出] 
2025-08-07 12:52:29,502 - INFO - [抽出] 進捗: 17/26 - kana08_0016.jpg
2025-08-07 12:52:29,502 - INFO - [抽出] 🔄 開始: 画像読み込み (RAM: 2159.3MB, GPU: 2805.5MB)
2025-08-07 12:54:15,535 - INFO - [抽出] ✅ 完了: 画像読み込み (0.05秒, RAM: 2159.3MB, GPU: 2805.5MB)
2025-08-07 12:54:15,536 - INFO - [抽出] カラー判定: 最大チャンネル差分=0.000, 閾値=0.01, 結果=グレースケール
2025-08-07 12:54:15,536 - INFO - [抽出] 🔄 開始: SAMマスク生成 (RAM: 2159.3MB, GPU: 2805.5MB)
2025-08-07 12:54:15,537 - INFO - [抽出] SAMでマスクを生成中...
2025-08-07 12:54:15,537 - INFO - [抽出] 生成されたマスク数: 94
2025-08-07 12:54:15,537 - INFO - [抽出] マスク面積統計: 最小=365, 最大=309806, 平均=52979
2025-08-07 12:54:15,537 - INFO - [抽出] ✅ 完了: SAMマスク生成 (23.45秒, RAM: 2159.3MB, GPU: 2805.5MB)
2025-08-07 12:54:15,538 - INFO - [抽出] 🔄 開始: YOLO人物検出フィルタリング (RAM: 2159.3MB, GPU: 2805.5MB)
2025-08-07 12:54:15,538 - INFO - [抽出] YOLOv8で人物検出スコアを計算中...
2025-08-07 12:54:15,538 - INFO - [抽出] YOLOv8で94個のマスクを評価開始...
2025-08-07 12:54:15,538 - INFO - [抽出] YOLO処理済み: 10/94 (現在のスコア: 0.000)
2025-08-07 12:54:15,539 - INFO - [抽出] YOLO処理済み: 20/94 (現在のスコア: 0.825)
2025-08-07 12:54:15,539 - INFO - [抽出] YOLO処理済み: 30/94 (現在のスコア: 0.215)
2025-08-07 12:54:15,539 - INFO - [抽出] YOLO処理済み: 40/94 (現在のスコア: 0.000)
2025-08-07 12:54:15,539 - INFO - [抽出] YOLO処理済み: 50/94 (現在のスコア: 0.031)
2025-08-07 12:54:15,539 - INFO - [抽出] YOLO処理済み: 60/94 (現在のスコア: 0.099)
2025-08-07 12:54:15,540 - INFO - [抽出] YOLO処理済み: 70/94 (現在のスコア: 0.023)
2025-08-07 12:54:15,540 - INFO - [抽出] YOLO処理済み: 80/94 (現在のスコア: 0.018)
2025-08-07 12:54:15,540 - INFO - [抽出] YOLO処理済み: 90/94 (現在のスコア: 0.159)
2025-08-07 12:54:15,540 - INFO - [抽出] 人物検出スコア >= 0.05 のマスク数: 50
2025-08-07 12:54:15,541 - INFO - [抽出] YOLO検出スコア統計: 最高=0.835, 最低=0.000, 平均=0.160
2025-08-07 12:54:15,541 - INFO - [抽出] 上位10スコア: ['0.835', '0.825', '0.704', '0.688', '0.679', '0.616', '0.532', '0.529', '0.511', '0.493']
2025-08-07 12:54:15,541 - INFO - [抽出] 🎌 アニメモード使用中: yolov8x.pt
2025-08-07 12:54:15,541 - INFO - [抽出] ✅ 完了: YOLO人物検出フィルタリング (1.33秒, RAM: 2159.3MB, GPU: 2805.5MB)
2025-08-07 12:54:15,541 - INFO - [抽出] 🎯 複数キャラクター検出: 50個 → 複合スコアで最適選択
2025-08-07 12:54:15,541 - INFO - [抽出] ⚠️ マスク数制限: 50個 → 20個に制限
2025-08-07 12:54:15,542 - INFO - [抽出] 🎯 複合スコア評価開始 (基準: balanced, 20個のマスク)
2025-08-07 12:54:15,542 - INFO - [抽出] マスク1: 総合=0.616 (面積=0.14, 全身=0.82, 中央=0.67, 接地=1.00, YOLO=0.84)
2025-08-07 12:54:15,542 - INFO - [抽出] マスク2: 総合=0.355 (面積=0.03, 全身=0.00, 中央=0.69, 接地=0.84, YOLO=0.83)
2025-08-07 12:54:15,542 - INFO - [抽出] マスク3: 総合=0.403 (面積=0.14, 全身=0.16, 中央=0.50, 接地=1.00, YOLO=0.70)
2025-08-07 12:54:15,543 - INFO - [抽出] マスク4: 総合=0.445 (面積=0.05, 全身=0.35, 中央=0.79, 接地=0.77, YOLO=0.69)
2025-08-07 12:54:15,543 - INFO - [抽出] マスク5: 総合=0.518 (面積=0.07, 全身=0.61, 中央=0.76, 接地=0.84, YOLO=0.68)
2025-08-07 12:54:15,543 - INFO - [抽出] マスク6: 総合=0.457 (面積=0.08, 全身=0.41, 中央=0.59, 接地=1.00, YOLO=0.62)
2025-08-07 12:54:15,543 - INFO - [抽出] マスク7: 総合=0.416 (面積=0.08, 全身=0.14, 中央=0.88, 接地=0.86, YOLO=0.53)
2025-08-07 12:54:15,544 - INFO - [抽出] マスク8: 総合=0.384 (面積=0.03, 全身=0.39, 中央=0.70, 接地=0.57, YOLO=0.53)
2025-08-07 12:54:15,544 - INFO - [抽出] マスク9: 総合=0.406 (面積=0.11, 全身=0.23, 中央=0.70, 接地=0.82, YOLO=0.51)
2025-08-07 12:54:15,544 - INFO - [抽出] マスク10: 総合=0.533 (面積=0.00, 全身=0.93, 中央=0.65, 接地=0.80, YOLO=0.49)
2025-08-07 12:54:15,544 - INFO - [抽出] マスク11: 総合=0.293 (面積=0.06, 全身=0.00, 中央=0.62, 接地=0.70, YOLO=0.46)
2025-08-07 12:54:15,544 - INFO - [抽出] マスク12: 総合=0.480 (面積=0.12, 全身=0.66, 中央=0.42, 接地=1.00, YOLO=0.45)
2025-08-07 12:54:15,544 - INFO - [抽出] マスク13: 総合=0.488 (面積=0.01, 全身=0.71, 中央=0.84, 接地=0.64, YOLO=0.45)
2025-08-07 12:54:15,545 - INFO - [抽出] マスク14: 総合=0.214 (面積=0.05, 全身=0.00, 中央=0.54, 接地=0.31, YOLO=0.44)
2025-08-07 12:54:15,545 - INFO - [抽出] マスク15: 総合=0.297 (面積=0.02, 全身=0.51, 中央=0.53, 接地=0.13, YOLO=0.38)
2025-08-07 12:54:15,545 - INFO - [抽出] マスク16: 総合=0.334 (面積=0.07, 全身=0.00, 中央=0.79, 接地=0.78, YOLO=0.37)
2025-08-07 12:54:15,545 - INFO - [抽出] マスク17: 総合=0.365 (面積=0.06, 全身=0.21, 中央=0.69, 接地=0.80, YOLO=0.34)
2025-08-07 12:54:15,546 - INFO - [抽出] マスク18: 総合=0.301 (面積=0.01, 全身=0.03, 中央=0.73, 接地=0.75, YOLO=0.32)
2025-08-07 12:54:15,546 - INFO - [抽出] マスク19: 総合=0.344 (面積=0.05, 全身=0.18, 中央=0.69, 接地=0.76, YOLO=0.31)
2025-08-07 12:54:15,547 - INFO - [抽出] マスク20: 総合=0.360 (面積=0.19, 全身=0.01, 中央=0.78, 接地=0.77, YOLO=0.30)
2025-08-07 12:54:15,547 - INFO - [抽出] ✅ 最適マスク選択: 複合スコア 0.616, 品質スコア 0.748
2025-08-07 12:54:15,548 - INFO - [抽出] ✅ 保存完了: kana08_0016.jpg (品質: 0.748)
2025-08-07 12:54:15,548 - INFO - [抽出] 
2025-08-07 12:54:15,548 - INFO - [抽出] 進捗: 18/26 - kana08_0017.jpg
2025-08-07 12:54:15,548 - INFO - [抽出] 🔄 開始: 画像読み込み (RAM: 2159.3MB, GPU: 2805.5MB)
2025-08-07 12:54:15,549 - INFO - [抽出] ✅ 完了: 画像読み込み (0.05秒, RAM: 2159.3MB, GPU: 2805.5MB)
2025-08-07 12:54:15,549 - INFO - [抽出] カラー判定: 最大チャンネル差分=0.000, 閾値=0.01, 結果=グレースケール
2025-08-07 12:54:15,549 - INFO - [抽出] 🔄 開始: SAMマスク生成 (RAM: 2159.3MB, GPU: 2805.5MB)
2025-08-07 12:54:15,549 - INFO - [抽出] SAMでマスクを生成中...
2025-08-07 12:54:15,549 - INFO - [抽出] 生成されたマスク数: 108
2025-08-07 12:54:15,549 - INFO - [抽出] マスク面積統計: 最小=1029, 最大=411582, 平均=43140
2025-08-07 12:54:15,550 - INFO - [抽出] ✅ 完了: SAMマスク生成 (15.46秒, RAM: 2159.3MB, GPU: 2805.5MB)
2025-08-07 12:54:15,550 - INFO - [抽出] 🔄 開始: YOLO人物検出フィルタリング (RAM: 2159.3MB, GPU: 2805.5MB)
2025-08-07 12:54:15,550 - INFO - [抽出] YOLOv8で人物検出スコアを計算中...
2025-08-07 12:54:15,550 - INFO - [抽出] YOLOv8で108個のマスクを評価開始...
2025-08-07 12:54:15,550 - INFO - [抽出] YOLO処理済み: 10/108 (現在のスコア: 0.037)
2025-08-07 12:54:15,551 - INFO - [抽出] YOLO処理済み: 20/108 (現在のスコア: 0.096)
2025-08-07 12:54:15,551 - INFO - [抽出] YOLO処理済み: 30/108 (現在のスコア: 0.000)
2025-08-07 12:54:15,551 - INFO - [抽出] YOLO処理済み: 40/108 (現在のスコア: 0.035)
2025-08-07 12:54:15,551 - INFO - [抽出] YOLO処理済み: 50/108 (現在のスコア: 0.000)
2025-08-07 12:54:15,552 - INFO - [抽出] YOLO処理済み: 60/108 (現在のスコア: 0.017)
2025-08-07 12:54:15,552 - INFO - [抽出] YOLO処理済み: 70/108 (現在のスコア: 0.035)
2025-08-07 12:54:15,552 - INFO - [抽出] YOLO処理済み: 80/108 (現在のスコア: 0.022)
2025-08-07 12:54:15,552 - INFO - [抽出] YOLO処理済み: 90/108 (現在のスコア: 0.197)
2025-08-07 12:54:15,553 - INFO - [抽出] YOLO処理済み: 100/108 (現在のスコア: 0.011)
2025-08-07 12:54:15,553 - INFO - [抽出] 人物検出スコア >= 0.05 のマスク数: 54
2025-08-07 12:54:15,553 - INFO - [抽出] YOLO検出スコア統計: 最高=0.876, 最低=0.000, 平均=0.154
2025-08-07 12:54:15,553 - INFO - [抽出] 上位10スコア: ['0.876', '0.874', '0.860', '0.735', '0.731', '0.722', '0.600', '0.574', '0.507', '0.501']
2025-08-07 12:54:15,553 - INFO - [抽出] 🎌 アニメモード使用中: yolov8x.pt
2025-08-07 12:54:15,554 - INFO - [抽出] ✅ 完了: YOLO人物検出フィルタリング (1.60秒, RAM: 2159.3MB, GPU: 2805.5MB)
2025-08-07 12:54:15,554 - INFO - [抽出] 🎯 複数キャラクター検出: 54個 → 複合スコアで最適選択
2025-08-07 12:54:15,554 - INFO - [抽出] ⚠️ マスク数制限: 54個 → 20個に制限
2025-08-07 12:54:15,554 - INFO - [抽出] 🎯 複合スコア評価開始 (基準: balanced, 20個のマスク)
2025-08-07 12:54:15,555 - INFO - [抽出] マスク1: 総合=0.544 (面積=0.18, 全身=0.59, 中央=0.64, 接地=0.83, YOLO=0.88)
2025-08-07 12:54:15,555 - INFO - [抽出] マスク2: 総合=0.352 (面積=0.08, 全身=0.00, 中央=0.58, 接地=0.84, YOLO=0.87)
2025-08-07 12:54:15,556 - INFO - [抽出] マスク3: 総合=0.458 (面積=0.06, 全身=0.34, 中央=0.59, 接地=1.00, YOLO=0.86)
2025-08-07 12:54:15,556 - INFO - [抽出] マスク4: 総合=0.368 (面積=0.03, 全身=0.30, 中央=0.64, 接地=0.54, YOLO=0.74)
2025-08-07 12:54:15,556 - INFO - [抽出] マスク5: 総合=0.448 (面積=0.03, 全身=0.43, 中央=0.72, 接地=0.76, YOLO=0.73)
2025-08-07 12:54:15,556 - INFO - [抽出] マスク6: 総合=0.340 (面積=0.06, 全身=0.00, 中央=0.69, 接地=0.74, YOLO=0.72)
2025-08-07 12:54:15,556 - INFO - [抽出] マスク7: 総合=0.490 (面積=0.13, 全身=0.50, 中央=0.66, 接地=0.89, YOLO=0.60)
2025-08-07 12:54:15,557 - INFO - [抽出] マスク8: 総合=0.343 (面積=0.05, 全身=0.00, 中央=0.77, 接地=0.77, YOLO=0.57)
2025-08-07 12:54:15,557 - INFO - [抽出] マスク9: 総合=0.402 (面積=0.05, 全身=0.33, 中央=0.61, 接地=0.89, YOLO=0.51)
2025-08-07 12:54:15,557 - INFO - [抽出] マスク10: 総合=0.493 (面積=0.05, 全身=0.78, 中央=0.71, 接地=0.61, YOLO=0.50)
2025-08-07 12:54:15,557 - INFO - [抽出] マスク11: 総合=0.277 (面積=0.00, 全身=0.12, 中央=0.70, 接地=0.37, YOLO=0.50)
2025-08-07 12:54:15,557 - INFO - [抽出] マスク12: 総合=0.424 (面積=0.13, 全身=0.26, 中央=0.67, 接地=0.94, YOLO=0.47)
2025-08-07 12:54:15,558 - INFO - [抽出] マスク13: 総合=0.527 (面積=0.04, 全身=0.84, 中央=0.72, 接地=0.81, YOLO=0.42)
2025-08-07 12:54:15,558 - INFO - [抽出] マスク14: 総合=0.391 (面積=0.02, 全身=0.33, 中央=0.62, 接地=0.90, YOLO=0.42)
2025-08-07 12:54:15,558 - INFO - [抽出] マスク15: 総合=0.325 (面積=0.05, 全身=0.48, 中央=0.57, 接地=0.25, YOLO=0.40)
2025-08-07 12:54:15,558 - INFO - [抽出] マスク16: 総合=0.451 (面積=0.17, 全身=0.39, 中央=0.75, 接地=0.77, YOLO=0.38)
2025-08-07 12:54:15,558 - INFO - [抽出] マスク17: 総合=0.361 (面積=0.11, 全身=0.00, 中央=0.76, 接地=0.93, YOLO=0.38)
2025-08-07 12:54:15,559 - INFO - [抽出] マスク18: 総合=0.287 (面積=0.22, 全身=0.14, 中央=0.49, 接地=0.35, YOLO=0.36)
2025-08-07 12:54:15,559 - INFO - [抽出] マスク19: 総合=0.283 (面積=0.08, 全身=0.00, 中央=0.71, 接地=0.55, YOLO=0.34)
2025-08-07 12:54:15,559 - INFO - [抽出] マスク20: 総合=0.350 (面積=0.05, 全身=0.23, 中央=0.60, 接地=0.83, YOLO=0.33)
2025-08-07 12:54:15,559 - INFO - [抽出] ✅ 最適マスク選択: 複合スコア 0.544, 品質スコア 0.743
2025-08-07 12:54:15,559 - INFO - [抽出] ✅ 保存完了: kana08_0017.jpg (品質: 0.743)
2025-08-07 12:54:15,559 - INFO - [抽出] 
2025-08-07 12:54:15,560 - INFO - [抽出] 進捗: 19/26 - kana08_0018.jpg
2025-08-07 12:54:15,560 - INFO - [抽出] 🔄 開始: 画像読み込み (RAM: 2159.3MB, GPU: 2805.5MB)
2025-08-07 12:54:15,560 - INFO - [抽出] ✅ 完了: 画像読み込み (0.06秒, RAM: 2159.3MB, GPU: 2805.5MB)
2025-08-07 12:54:15,560 - INFO - [抽出] カラー判定: 最大チャンネル差分=0.000, 閾値=0.01, 結果=グレースケール
2025-08-07 12:54:15,560 - INFO - [抽出] 🔄 開始: SAMマスク生成 (RAM: 2159.3MB, GPU: 2805.5MB)
2025-08-07 12:54:15,560 - INFO - [抽出] SAMでマスクを生成中...
2025-08-07 12:54:15,561 - INFO - [抽出] 生成されたマスク数: 101
2025-08-07 12:54:15,561 - INFO - [抽出] マスク面積統計: 最小=1387, 最大=831295, 平均=64461
2025-08-07 12:54:15,561 - INFO - [抽出] ✅ 完了: SAMマスク生成 (32.10秒, RAM: 2159.3MB, GPU: 2805.5MB)
2025-08-07 12:54:15,561 - INFO - [抽出] 🔄 開始: YOLO人物検出フィルタリング (RAM: 2159.3MB, GPU: 2805.5MB)
2025-08-07 12:54:15,561 - INFO - [抽出] YOLOv8で人物検出スコアを計算中...
2025-08-07 12:54:15,561 - INFO - [抽出] YOLOv8で101個のマスクを評価開始...
2025-08-07 12:54:15,562 - INFO - [抽出] YOLO処理済み: 10/101 (現在のスコア: 0.209)
2025-08-07 12:54:15,562 - INFO - [抽出] YOLO処理済み: 20/101 (現在のスコア: 0.274)
2025-08-07 12:55:18,183 - INFO - [抽出] YOLO処理済み: 30/101 (現在のスコア: 0.000)
2025-08-07 12:55:18,184 - INFO - [抽出] YOLO処理済み: 40/101 (現在のスコア: 0.000)
2025-08-07 12:55:18,184 - INFO - [抽出] YOLO処理済み: 50/101 (現在のスコア: 0.000)
2025-08-07 12:55:18,184 - INFO - [抽出] YOLO処理済み: 60/101 (現在のスコア: 0.058)
2025-08-07 12:55:18,184 - INFO - [抽出] YOLO処理済み: 70/101 (現在のスコア: 0.316)
2025-08-07 12:55:18,184 - INFO - [抽出] YOLO処理済み: 80/101 (現在のスコア: 0.048)
2025-08-07 12:55:18,184 - INFO - [抽出] YOLO処理済み: 90/101 (現在のスコア: 0.300)
2025-08-07 12:55:18,185 - INFO - [抽出] YOLO処理済み: 100/101 (現在のスコア: 0.000)
2025-08-07 12:55:18,185 - INFO - [抽出] 人物検出スコア >= 0.05 のマスク数: 43
2025-08-07 12:55:18,185 - INFO - [抽出] YOLO検出スコア統計: 最高=0.696, 最低=0.000, 平均=0.098
2025-08-07 12:55:18,185 - INFO - [抽出] 上位10スコア: ['0.696', '0.690', '0.637', '0.553', '0.444', '0.438', '0.379', '0.366', '0.325', '0.316']
2025-08-07 12:55:18,185 - INFO - [抽出] 🎌 アニメモード使用中: yolov8x.pt
2025-08-07 12:55:18,186 - INFO - [抽出] ✅ 完了: YOLO人物検出フィルタリング (1.59秒, RAM: 2159.3MB, GPU: 2805.5MB)
2025-08-07 12:55:18,186 - INFO - [抽出] 🎯 複数キャラクター検出: 43個 → 複合スコアで最適選択
2025-08-07 12:55:18,186 - INFO - [抽出] ⚠️ マスク数制限: 43個 → 20個に制限
2025-08-07 12:55:18,186 - INFO - [抽出] 🎯 複合スコア評価開始 (基準: balanced, 20個のマスク)
2025-08-07 12:55:18,186 - INFO - [抽出] マスク1: 総合=0.424 (面積=0.06, 全身=0.03, 中央=0.94, 接地=0.94, YOLO=0.70)
2025-08-07 12:55:18,186 - INFO - [抽出] マスク2: 総合=0.482 (面積=0.01, 全身=0.69, 中央=0.60, 接地=0.79, YOLO=0.69)
2025-08-07 12:55:18,187 - INFO - [抽出] マスク3: 総合=0.481 (面積=0.04, 全身=0.65, 中央=0.50, 接地=0.94, YOLO=0.64)
2025-08-07 12:55:18,187 - INFO - [抽出] マスク4: 総合=0.509 (面積=0.11, 全身=0.36, 中央=0.95, 接地=0.95, YOLO=0.55)
2025-08-07 12:55:18,187 - INFO - [抽出] マスク5: 総合=0.224 (面積=0.02, 全身=0.08, 中央=0.51, 接地=0.33, YOLO=0.44)
2025-08-07 12:55:18,187 - INFO - [抽出] マスク6: 総合=0.493 (面積=0.08, 全身=0.54, 中央=0.74, 接地=0.95, YOLO=0.44)
2025-08-07 12:55:18,187 - INFO - [抽出] マスク7: 総合=0.373 (面積=0.02, 全身=0.36, 中央=0.45, 接地=1.00, YOLO=0.38)
2025-08-07 12:55:18,187 - INFO - [抽出] マスク8: 総合=0.397 (面積=0.01, 全身=0.67, 中央=0.53, 接地=0.57, YOLO=0.37)
2025-08-07 12:55:18,188 - INFO - [抽出] マスク9: 総合=0.446 (面積=0.01, 全身=0.50, 中央=0.71, 接地=0.96, YOLO=0.32)
2025-08-07 12:55:18,188 - INFO - [抽出] マスク10: 総合=0.539 (面積=0.03, 全身=0.86, 中央=0.77, 接地=0.86, YOLO=0.32)
2025-08-07 12:55:18,188 - INFO - [抽出] マスク11: 総合=0.259 (面積=0.02, 全身=0.36, 中央=0.47, 接地=0.27, YOLO=0.30)
2025-08-07 12:55:18,188 - INFO - [抽出] マスク12: 総合=0.276 (面積=0.01, 全身=0.01, 中央=0.63, 接地=0.78, YOLO=0.29)
2025-08-07 12:55:18,188 - INFO - [抽出] マスク13: 総合=0.348 (面積=0.02, 全身=0.27, 中央=0.73, 接地=0.67, YOLO=0.27)
2025-08-07 12:55:18,188 - INFO - [抽出] マスク14: 総合=0.295 (面積=0.04, 全身=0.00, 中央=0.71, 接地=0.77, YOLO=0.26)
2025-08-07 12:55:18,189 - INFO - [抽出] マスク15: 総合=0.388 (面積=0.04, 全身=0.50, 中央=0.45, 接地=0.91, YOLO=0.23)
2025-08-07 12:55:18,189 - INFO - [抽出] マスク16: 総合=0.351 (面積=0.10, 全身=0.00, 中央=0.84, 接地=0.89, YOLO=0.21)
2025-08-07 12:55:18,189 - INFO - [抽出] マスク17: 総合=0.239 (面積=0.08, 全身=0.00, 中央=0.61, 接地=0.48, YOLO=0.21)
2025-08-07 12:55:18,189 - INFO - [抽出] マスク18: 総合=0.427 (面積=0.05, 全身=0.53, 中央=0.56, 接地=1.00, YOLO=0.18)
2025-08-07 12:55:18,189 - INFO - [抽出] マスク19: 総合=0.351 (面積=0.22, 全身=0.00, 中央=0.58, 接地=1.00, YOLO=0.18)
2025-08-07 12:55:18,189 - INFO - [抽出] マスク20: 総合=0.414 (面積=0.05, 全身=0.53, 中央=0.64, 接地=0.81, YOLO=0.17)
2025-08-07 12:55:18,189 - INFO - [抽出] ✅ 最適マスク選択: 複合スコア 0.539, 品質スコア 0.405
2025-08-07 12:55:18,190 - INFO - [抽出] ✅ 保存完了: kana08_0018.jpg (品質: 0.405)
2025-08-07 12:55:18,190 - INFO - [抽出] 
2025-08-07 12:55:18,190 - INFO - [抽出] 進捗: 20/26 - kana08_0019.jpg
2025-08-07 12:55:18,190 - INFO - [抽出] 🔄 開始: 画像読み込み (RAM: 2159.3MB, GPU: 2805.5MB)
2025-08-07 12:55:18,190 - INFO - [抽出] ✅ 完了: 画像読み込み (0.06秒, RAM: 2159.3MB, GPU: 2805.5MB)
2025-08-07 12:55:18,190 - INFO - [抽出] カラー判定: 最大チャンネル差分=0.000, 閾値=0.01, 結果=グレースケール
2025-08-07 12:55:18,191 - INFO - [抽出] 🔄 開始: SAMマスク生成 (RAM: 2159.3MB, GPU: 2805.5MB)
2025-08-07 12:55:18,191 - INFO - [抽出] SAMでマスクを生成中...
2025-08-07 12:55:18,191 - INFO - [抽出] 生成されたマスク数: 88
2025-08-07 12:55:18,191 - INFO - [抽出] マスク面積統計: 最小=689, 最大=1699541, 平均=85543
2025-08-07 12:55:18,191 - INFO - [抽出] ✅ 完了: SAMマスク生成 (26.62秒, RAM: 2163.3MB, GPU: 2805.5MB)
2025-08-07 12:55:18,191 - INFO - [抽出] 🔄 開始: YOLO人物検出フィルタリング (RAM: 2163.3MB, GPU: 2805.5MB)
2025-08-07 12:55:18,192 - INFO - [抽出] YOLOv8で人物検出スコアを計算中...
2025-08-07 12:55:18,192 - INFO - [抽出] YOLOv8で88個のマスクを評価開始...
2025-08-07 12:55:18,192 - INFO - [抽出] YOLO処理済み: 10/88 (現在のスコア: 0.011)
2025-08-07 12:55:18,192 - INFO - [抽出] YOLO処理済み: 20/88 (現在のスコア: 0.000)
2025-08-07 12:55:18,192 - INFO - [抽出] YOLO処理済み: 30/88 (現在のスコア: 0.000)
2025-08-07 12:55:18,192 - INFO - [抽出] YOLO処理済み: 40/88 (現在のスコア: 0.119)
2025-08-07 12:55:18,192 - INFO - [抽出] YOLO処理済み: 50/88 (現在のスコア: 0.000)
2025-08-07 12:55:18,193 - INFO - [抽出] YOLO処理済み: 60/88 (現在のスコア: 0.000)
2025-08-07 12:55:18,193 - INFO - [抽出] YOLO処理済み: 70/88 (現在のスコア: 0.354)
2025-08-07 12:55:18,193 - INFO - [抽出] YOLO処理済み: 80/88 (現在のスコア: 0.000)
2025-08-07 12:55:18,193 - INFO - [抽出] 人物検出スコア >= 0.05 のマスク数: 38
2025-08-07 12:55:18,193 - INFO - [抽出] YOLO検出スコア統計: 最高=0.809, 最低=0.000, 平均=0.124
2025-08-07 12:55:18,194 - INFO - [抽出] 上位10スコア: ['0.809', '0.734', '0.724', '0.661', '0.592', '0.431', '0.429', '0.410', '0.401', '0.382']
2025-08-07 12:55:18,194 - INFO - [抽出] 🎌 アニメモード使用中: yolov8x.pt
2025-08-07 12:55:18,194 - INFO - [抽出] ✅ 完了: YOLO人物検出フィルタリング (1.24秒, RAM: 2163.3MB, GPU: 2805.5MB)
2025-08-07 12:55:18,194 - INFO - [抽出] 🎯 複数キャラクター検出: 38個 → 複合スコアで最適選択
2025-08-07 12:55:18,194 - INFO - [抽出] ⚠️ マスク数制限: 38個 → 20個に制限
2025-08-07 12:55:18,194 - INFO - [抽出] 🎯 複合スコア評価開始 (基準: balanced, 20個のマスク)
2025-08-07 12:55:18,194 - INFO - [抽出] マスク1: 総合=0.393 (面積=0.07, 全身=0.10, 中央=0.81, 接地=0.69, YOLO=0.81)
2025-08-07 12:55:18,195 - INFO - [抽出] マスク2: 総合=0.466 (面積=0.08, 全身=0.15, 中央=0.91, 接地=0.98, YOLO=0.73)
2025-08-07 12:55:18,195 - INFO - [抽出] マスク3: 総合=0.417 (面積=0.17, 全身=0.04, 中央=0.88, 接地=0.71, YOLO=0.72)
2025-08-07 12:55:18,195 - INFO - [抽出] マスク4: 総合=0.363 (面積=0.02, 全身=0.35, 中央=0.69, 接地=0.42, YOLO=0.66)
2025-08-07 12:55:18,195 - INFO - [抽出] マスク5: 総合=0.188 (面積=0.00, 全身=0.00, 中央=0.47, 接地=0.23, YOLO=0.59)
2025-08-07 12:55:18,195 - INFO - [抽出] マスク6: 総合=0.502 (面積=0.06, 全身=0.81, 中央=0.66, 接地=0.72, YOLO=0.43)
2025-08-07 12:55:18,195 - INFO - [抽出] マスク7: 総合=0.486 (面積=0.01, 全身=0.82, 中央=0.61, 接地=0.74, YOLO=0.43)
2025-08-07 12:55:18,196 - INFO - [抽出] マスク8: 総合=0.327 (面積=0.01, 全身=0.00, 中央=0.77, 接地=0.86, YOLO=0.41)
2025-08-07 12:55:18,196 - INFO - [抽出] マスク9: 総合=0.275 (面積=0.02, 全身=0.28, 中央=0.53, 接地=0.35, YOLO=0.40)
2025-08-07 12:55:18,196 - INFO - [抽出] マスク10: 総合=0.423 (面積=0.03, 全身=0.50, 中央=0.77, 接地=0.64, YOLO=0.38)
2025-08-07 12:55:18,196 - INFO - [抽出] マスク11: 総合=0.380 (面積=0.05, 全身=0.22, 中央=0.77, 接地=0.79, YOLO=0.38)
2025-08-07 12:55:18,196 - INFO - [抽出] マスク12: 総合=0.222 (面積=0.01, 全身=0.00, 中央=0.63, 接地=0.38, YOLO=0.37)
2025-08-07 12:55:18,196 - INFO - [抽出] マスク13: 総合=0.422 (面積=0.08, 全身=0.50, 中央=0.69, 接地=0.65, YOLO=0.36)
2025-08-07 12:55:18,196 - INFO - [抽出] マスク14: 総合=0.345 (面積=0.18, 全身=0.00, 中央=0.79, 接地=0.65, YOLO=0.35)
2025-08-07 12:55:18,197 - INFO - [抽出] マスク15: 総合=0.249 (面積=0.02, 全身=0.00, 中央=0.70, 接地=0.45, YOLO=0.35)
2025-08-07 12:55:18,197 - INFO - [抽出] マスク16: 総合=0.382 (面積=0.01, 全身=0.46, 中央=0.51, 接地=0.85, YOLO=0.33)
2025-08-07 12:55:18,197 - INFO - [抽出] マスク17: 総合=0.343 (面積=0.01, 全身=0.38, 中央=0.46, 接地=0.83, YOLO=0.31)
2025-08-07 12:55:18,197 - INFO - [抽出] マスク18: 総合=0.350 (面積=0.01, 全身=0.46, 中央=0.60, 接地=0.56, YOLO=0.31)
2025-08-07 12:55:18,197 - INFO - [抽出] マスク19: 総合=0.292 (面積=0.01, 全身=0.00, 中央=0.79, 接地=0.71, YOLO=0.23)
2025-08-07 12:55:18,197 - INFO - [抽出] マスク20: 総合=0.373 (面積=0.04, 全身=0.25, 中央=0.84, 接地=0.71, YOLO=0.23)
2025-08-07 12:55:18,197 - INFO - [抽出] ✅ 最適マスク選択: 複合スコア 0.502, 品質スコア 0.460
2025-08-07 12:55:18,198 - INFO - [抽出] ✅ 保存完了: kana08_0019.jpg (品質: 0.460)
2025-08-07 12:55:18,198 - INFO - [抽出] 
2025-08-07 12:55:18,198 - INFO - [抽出] 進捗: 21/26 - kana08_0020.jpg
2025-08-07 12:55:18,199 - INFO - [抽出] 🔄 開始: 画像読み込み (RAM: 2163.3MB, GPU: 2805.5MB)
2025-08-07 12:55:18,199 - INFO - [抽出] ✅ 完了: 画像読み込み (0.06秒, RAM: 2163.3MB, GPU: 2805.5MB)
2025-08-07 12:55:18,199 - INFO - [抽出] カラー判定: 最大チャンネル差分=0.000, 閾値=0.01, 結果=グレースケール
2025-08-07 12:55:18,199 - INFO - [抽出] 🔄 開始: SAMマスク生成 (RAM: 2163.3MB, GPU: 2805.5MB)
2025-08-07 12:55:18,199 - INFO - [抽出] SAMでマスクを生成中...
2025-08-07 12:55:18,199 - INFO - [抽出] 生成されたマスク数: 102
2025-08-07 12:55:18,199 - INFO - [抽出] マスク面積統計: 最小=283, 最大=2736025, 平均=76804
2025-08-07 12:55:18,200 - INFO - [抽出] ✅ 完了: SAMマスク生成 (15.70秒, RAM: 2163.9MB, GPU: 2805.5MB)
2025-08-07 12:55:18,200 - INFO - [抽出] 🔄 開始: YOLO人物検出フィルタリング (RAM: 2163.9MB, GPU: 2805.5MB)
2025-08-07 12:55:18,200 - INFO - [抽出] YOLOv8で人物検出スコアを計算中...
2025-08-07 12:55:18,200 - INFO - [抽出] YOLOv8で102個のマスクを評価開始...
2025-08-07 12:55:18,200 - INFO - [抽出] YOLO処理済み: 10/102 (現在のスコア: 0.000)
2025-08-07 12:55:18,200 - INFO - [抽出] YOLO処理済み: 20/102 (現在のスコア: 0.015)
2025-08-07 12:55:18,200 - INFO - [抽出] YOLO処理済み: 30/102 (現在のスコア: 0.015)
2025-08-07 12:55:18,201 - INFO - [抽出] YOLO処理済み: 40/102 (現在のスコア: 0.719)
2025-08-07 12:55:18,201 - INFO - [抽出] YOLO処理済み: 50/102 (現在のスコア: 0.000)
2025-08-07 12:55:18,201 - INFO - [抽出] YOLO処理済み: 60/102 (現在のスコア: 0.224)
2025-08-07 12:55:18,201 - INFO - [抽出] YOLO処理済み: 70/102 (現在のスコア: 0.655)
2025-08-07 12:55:18,201 - INFO - [抽出] YOLO処理済み: 80/102 (現在のスコア: 0.000)
2025-08-07 12:55:18,201 - INFO - [抽出] YOLO処理済み: 90/102 (現在のスコア: 0.000)
2025-08-07 12:55:18,202 - INFO - [抽出] YOLO処理済み: 100/102 (現在のスコア: 0.010)
2025-08-07 12:55:18,202 - INFO - [抽出] 人物検出スコア >= 0.05 のマスク数: 42
2025-08-07 12:55:18,202 - INFO - [抽出] YOLO検出スコア統計: 最高=0.847, 最低=0.000, 平均=0.141
2025-08-07 12:55:18,202 - INFO - [抽出] 上位10スコア: ['0.847', '0.763', '0.719', '0.710', '0.655', '0.654', '0.651', '0.633', '0.618', '0.606']
2025-08-07 12:55:18,202 - INFO - [抽出] 🎌 アニメモード使用中: yolov8x.pt
2025-08-07 12:56:14,546 - INFO - [抽出] ✅ 完了: YOLO人物検出フィルタリング (1.55秒, RAM: 2163.9MB, GPU: 2805.5MB)
2025-08-07 12:56:14,547 - INFO - [抽出] 🎯 複数キャラクター検出: 42個 → 複合スコアで最適選択
2025-08-07 12:56:14,548 - INFO - [抽出] ⚠️ マスク数制限: 42個 → 20個に制限
2025-08-07 12:56:14,548 - INFO - [抽出] 🎯 複合スコア評価開始 (基準: balanced, 20個のマスク)
2025-08-07 12:56:14,548 - INFO - [抽出] マスク1: 総合=0.505 (面積=0.05, 全身=0.46, 中央=0.81, 接地=0.86, YOLO=0.85)
2025-08-07 12:56:14,548 - INFO - [抽出] マスク2: 総合=0.414 (面積=0.02, 全身=0.04, 中央=0.90, 接地=0.95, YOLO=0.76)
2025-08-07 12:56:14,549 - INFO - [抽出] マスク3: 総合=0.454 (面積=0.12, 全身=0.35, 中央=0.67, 接地=0.83, YOLO=0.72)
2025-08-07 12:56:14,549 - INFO - [抽出] マスク4: 総合=0.430 (面積=0.03, 全身=0.38, 中央=0.61, 接地=0.89, YOLO=0.71)
2025-08-07 12:56:14,549 - INFO - [抽出] マスク5: 総合=0.569 (面積=0.19, 全身=0.75, 中央=0.54, 接地=1.00, YOLO=0.65)
2025-08-07 12:56:14,549 - INFO - [抽出] マスク6: 総合=0.268 (面積=0.11, 全身=0.06, 中央=0.54, 接地=0.31, YOLO=0.65)
2025-08-07 12:56:14,549 - INFO - [抽出] マスク7: 総合=0.532 (面積=0.61, 全身=0.00, 中央=0.67, 接地=1.00, YOLO=0.65)
2025-08-07 12:56:14,549 - INFO - [抽出] マスク8: 総合=0.309 (面積=0.02, 全身=0.00, 中央=0.46, 接地=0.98, YOLO=0.63)
2025-08-07 12:56:14,550 - INFO - [抽出] マスク9: 総合=0.446 (面積=0.11, 全身=0.41, 中央=0.53, 接地=0.95, YOLO=0.62)
2025-08-07 12:56:14,550 - INFO - [抽出] マスク10: 総合=0.302 (面積=0.01, 全身=0.00, 中央=0.57, 接地=0.82, YOLO=0.61)
2025-08-07 12:56:14,550 - INFO - [抽出] マスク11: 総合=0.519 (面積=0.12, 全身=0.47, 中央=0.84, 接地=0.95, YOLO=0.54)
2025-08-07 12:56:14,550 - INFO - [抽出] マスク12: 総合=0.306 (面積=0.05, 全身=0.00, 中央=0.48, 接地=0.95, YOLO=0.54)
2025-08-07 12:56:14,550 - INFO - [抽出] マスク13: 総合=0.336 (面積=0.02, 全身=0.37, 中央=0.66, 接地=0.36, YOLO=0.53)
2025-08-07 12:56:14,550 - INFO - [抽出] マスク14: 総合=0.402 (面積=0.05, 全身=0.41, 中央=0.76, 接地=0.56, YOLO=0.49)
2025-08-07 12:56:14,550 - INFO - [抽出] マスク15: 総合=0.298 (面積=0.04, 全身=0.00, 中央=0.54, 接地=0.89, YOLO=0.44)
2025-08-07 12:56:14,551 - INFO - [抽出] マスク16: 総合=0.432 (面積=0.03, 全身=0.64, 中央=0.47, 接地=0.83, YOLO=0.44)
2025-08-07 12:56:14,551 - INFO - [抽出] マスク17: 総合=0.438 (面積=0.04, 全身=0.54, 中央=0.56, 接地=1.00, YOLO=0.30)
2025-08-07 12:56:14,551 - INFO - [抽出] マスク18: 総合=0.357 (面積=0.02, 全身=0.32, 中央=0.47, 接地=0.99, YOLO=0.30)
2025-08-07 12:56:14,551 - INFO - [抽出] マスク19: 総合=0.415 (面積=0.05, 全身=0.85, 中央=0.52, 接地=0.37, YOLO=0.27)
2025-08-07 12:56:14,551 - INFO - [抽出] マスク20: 総合=0.456 (面積=0.28, 全身=0.44, 中央=0.67, 接地=0.68, YOLO=0.25)
2025-08-07 12:56:14,551 - INFO - [抽出] ✅ 最適マスク選択: 複合スコア 0.569, 品質スコア 0.620
2025-08-07 12:56:14,551 - INFO - [抽出] ✅ 保存完了: kana08_0020.jpg (品質: 0.620)
2025-08-07 12:56:14,552 - INFO - [抽出] 
2025-08-07 12:56:14,552 - INFO - [抽出] 進捗: 22/26 - kana08_0021.jpg
2025-08-07 12:56:14,552 - INFO - [抽出] 🔄 開始: 画像読み込み (RAM: 2163.9MB, GPU: 2805.5MB)
2025-08-07 12:56:14,552 - INFO - [抽出] ✅ 完了: 画像読み込み (0.07秒, RAM: 2163.9MB, GPU: 2805.5MB)
2025-08-07 12:56:14,552 - INFO - [抽出] カラー判定: 最大チャンネル差分=0.000, 閾値=0.01, 結果=グレースケール
2025-08-07 12:56:14,552 - INFO - [抽出] 🔄 開始: SAMマスク生成 (RAM: 2163.9MB, GPU: 2805.5MB)
2025-08-07 12:56:14,553 - INFO - [抽出] SAMでマスクを生成中...
2025-08-07 12:56:14,553 - INFO - [抽出] 生成されたマスク数: 93
2025-08-07 12:56:14,553 - INFO - [抽出] マスク面積統計: 最小=1045, 最大=1041622, 平均=62250
2025-08-07 12:56:14,553 - INFO - [抽出] ✅ 完了: SAMマスク生成 (23.66秒, RAM: 2169.5MB, GPU: 2805.5MB)
2025-08-07 12:56:14,553 - INFO - [抽出] 🔄 開始: YOLO人物検出フィルタリング (RAM: 2169.5MB, GPU: 2805.5MB)
2025-08-07 12:56:14,553 - INFO - [抽出] YOLOv8で人物検出スコアを計算中...
2025-08-07 12:56:14,553 - INFO - [抽出] YOLOv8で93個のマスクを評価開始...
2025-08-07 12:56:14,554 - INFO - [抽出] YOLO処理済み: 10/93 (現在のスコア: 0.288)
2025-08-07 12:56:14,554 - INFO - [抽出] YOLO処理済み: 20/93 (現在のスコア: 0.000)
2025-08-07 12:56:14,554 - INFO - [抽出] YOLO処理済み: 30/93 (現在のスコア: 0.000)
2025-08-07 12:56:14,554 - INFO - [抽出] YOLO処理済み: 40/93 (現在のスコア: 0.019)
2025-08-07 12:56:14,554 - INFO - [抽出] YOLO処理済み: 50/93 (現在のスコア: 0.027)
2025-08-07 12:56:14,554 - INFO - [抽出] YOLO処理済み: 60/93 (現在のスコア: 0.057)
2025-08-07 12:56:14,555 - INFO - [抽出] YOLO処理済み: 70/93 (現在のスコア: 0.030)
2025-08-07 12:56:14,555 - INFO - [抽出] YOLO処理済み: 80/93 (現在のスコア: 0.022)
2025-08-07 12:56:14,555 - INFO - [抽出] YOLO処理済み: 90/93 (現在のスコア: 0.096)
2025-08-07 12:56:14,555 - INFO - [抽出] 人物検出スコア >= 0.05 のマスク数: 38
2025-08-07 12:56:14,555 - INFO - [抽出] YOLO検出スコア統計: 最高=0.853, 最低=0.000, 平均=0.097
2025-08-07 12:56:14,555 - INFO - [抽出] 上位10スコア: ['0.853', '0.752', '0.726', '0.654', '0.582', '0.288', '0.282', '0.254', '0.248', '0.225']
2025-08-07 12:56:14,555 - INFO - [抽出] 🎌 アニメモード使用中: yolov8x.pt
2025-08-07 12:56:14,556 - INFO - [抽出] ✅ 完了: YOLO人物検出フィルタリング (1.58秒, RAM: 2169.5MB, GPU: 2805.5MB)
2025-08-07 12:56:14,556 - INFO - [抽出] 🎯 複数キャラクター検出: 38個 → 複合スコアで最適選択
2025-08-07 12:56:14,556 - INFO - [抽出] ⚠️ マスク数制限: 38個 → 20個に制限
2025-08-07 12:56:14,556 - INFO - [抽出] 🎯 複合スコア評価開始 (基準: balanced, 20個のマスク)
2025-08-07 12:56:14,556 - INFO - [抽出] マスク1: 総合=0.348 (面積=0.03, 全身=0.41, 中央=0.57, 接地=0.26, YOLO=0.85)
2025-08-07 12:56:14,556 - INFO - [抽出] マスク2: 総合=0.570 (面積=0.10, 全身=0.78, 中央=0.60, 接地=1.00, YOLO=0.75)
2025-08-07 12:56:14,557 - INFO - [抽出] マスク3: 総合=0.449 (面積=0.03, 全身=0.41, 中央=0.65, 接地=0.89, YOLO=0.73)
2025-08-07 12:56:14,557 - INFO - [抽出] マスク4: 総合=0.354 (面積=0.07, 全身=0.00, 中央=0.71, 接地=0.84, YOLO=0.65)
2025-08-07 12:56:14,557 - INFO - [抽出] マスク5: 総合=0.259 (面積=0.04, 全身=0.00, 中央=0.65, 接地=0.40, YOLO=0.58)
2025-08-07 12:56:14,557 - INFO - [抽出] マスク6: 総合=0.216 (面積=0.08, 全身=0.00, 中央=0.53, 接地=0.38, YOLO=0.29)
2025-08-07 12:56:14,557 - INFO - [抽出] マスク7: 総合=0.327 (面積=0.00, 全身=0.24, 中央=0.76, 接地=0.56, YOLO=0.28)
2025-08-07 12:56:14,557 - INFO - [抽出] マスク8: 総合=0.282 (面積=0.01, 全身=0.00, 中央=0.69, 接地=0.78, YOLO=0.25)
2025-08-07 12:56:14,557 - INFO - [抽出] マスク9: 総合=0.285 (面積=0.05, 全身=0.12, 中央=0.67, 接地=0.54, YOLO=0.25)
2025-08-07 12:56:14,558 - INFO - [抽出] マスク10: 総合=0.283 (面積=0.04, 全身=0.00, 中央=0.49, 接地=1.00, YOLO=0.23)
2025-08-07 12:56:14,558 - INFO - [抽出] マスク11: 総合=0.353 (面積=0.07, 全身=0.16, 中央=0.69, 接地=0.87, YOLO=0.22)
2025-08-07 12:56:14,558 - INFO - [抽出] マスク12: 総合=0.275 (面積=0.02, 全身=0.00, 中央=0.56, 接地=0.90, YOLO=0.22)
2025-08-07 12:56:14,558 - INFO - [抽出] マスク13: 総合=0.389 (面積=0.01, 全身=0.71, 中央=0.68, 接地=0.35, YOLO=0.21)
2025-08-07 12:56:14,558 - INFO - [抽出] マスク14: 総合=0.360 (面積=0.15, 全身=0.37, 中央=0.57, 接地=0.60, YOLO=0.20)
2025-08-07 12:56:14,558 - INFO - [抽出] マスク15: 総合=0.275 (面積=0.03, 全身=0.02, 中央=0.77, 接地=0.60, YOLO=0.18)
2025-08-07 12:56:14,559 - INFO - [抽出] マスク16: 総合=0.327 (面積=0.14, 全身=0.06, 中央=0.52, 接地=1.00, YOLO=0.18)
2025-08-07 12:56:14,559 - INFO - [抽出] マスク17: 総合=0.285 (面積=0.01, 全身=0.00, 中央=0.77, 接地=0.73, YOLO=0.18)
2025-08-07 12:56:14,559 - INFO - [抽出] マスク18: 総合=0.258 (面積=0.02, 全身=0.00, 中央=0.43, 接地=1.00, YOLO=0.17)
2025-08-07 12:56:14,559 - INFO - [抽出] マスク19: 総合=0.367 (面積=0.01, 全身=0.52, 中央=0.42, 接地=0.90, YOLO=0.15)
2025-08-07 12:56:14,559 - INFO - [抽出] マスク20: 総合=0.288 (面積=0.07, 全身=0.00, 中央=0.52, 接地=1.00, YOLO=0.14)
2025-08-07 12:56:14,560 - INFO - [抽出] ✅ 最適マスク選択: 複合スコア 0.570, 品質スコア 0.679
2025-08-07 12:56:14,560 - INFO - [抽出] ✅ 保存完了: kana08_0021.jpg (品質: 0.679)
2025-08-07 12:56:14,560 - INFO - [抽出] 
2025-08-07 12:56:14,560 - INFO - [抽出] 進捗: 23/26 - kana08_0022.jpg
2025-08-07 12:56:14,560 - INFO - [抽出] 🔄 開始: 画像読み込み (RAM: 2169.5MB, GPU: 2805.5MB)
2025-08-07 12:56:14,560 - INFO - [抽出] ✅ 完了: 画像読み込み (0.06秒, RAM: 2169.5MB, GPU: 2805.5MB)
2025-08-07 12:56:14,560 - INFO - [抽出] カラー判定: 最大チャンネル差分=0.000, 閾値=0.01, 結果=グレースケール
2025-08-07 12:56:14,561 - INFO - [抽出] 🔄 開始: SAMマスク生成 (RAM: 2169.5MB, GPU: 2805.5MB)
2025-08-07 12:56:14,561 - INFO - [抽出] SAMでマスクを生成中...
2025-08-07 12:56:14,561 - INFO - [抽出] 生成されたマスク数: 108
2025-08-07 12:56:14,561 - INFO - [抽出] マスク面積統計: 最小=757, 最大=721675, 平均=52210
2025-08-07 12:56:14,561 - INFO - [抽出] ✅ 完了: SAMマスク生成 (13.52秒, RAM: 2169.5MB, GPU: 2805.5MB)
2025-08-07 12:56:14,561 - INFO - [抽出] 🔄 開始: YOLO人物検出フィルタリング (RAM: 2169.5MB, GPU: 2805.5MB)
2025-08-07 12:56:14,562 - INFO - [抽出] YOLOv8で人物検出スコアを計算中...
2025-08-07 12:56:14,562 - INFO - [抽出] YOLOv8で108個のマスクを評価開始...
2025-08-07 12:56:14,562 - INFO - [抽出] YOLO処理済み: 10/108 (現在のスコア: 0.000)
2025-08-07 12:56:14,562 - INFO - [抽出] YOLO処理済み: 20/108 (現在のスコア: 0.022)
2025-08-07 12:56:14,562 - INFO - [抽出] YOLO処理済み: 30/108 (現在のスコア: 0.385)
2025-08-07 12:56:14,562 - INFO - [抽出] YOLO処理済み: 40/108 (現在のスコア: 0.051)
2025-08-07 12:56:14,562 - INFO - [抽出] YOLO処理済み: 50/108 (現在のスコア: 0.024)
2025-08-07 12:56:14,563 - INFO - [抽出] YOLO処理済み: 60/108 (現在のスコア: 0.000)
2025-08-07 12:56:14,563 - INFO - [抽出] YOLO処理済み: 70/108 (現在のスコア: 0.011)
2025-08-07 12:56:14,563 - INFO - [抽出] YOLO処理済み: 80/108 (現在のスコア: 0.019)
2025-08-07 12:56:14,563 - INFO - [抽出] YOLO処理済み: 90/108 (現在のスコア: 0.022)
2025-08-07 12:56:14,563 - INFO - [抽出] YOLO処理済み: 100/108 (現在のスコア: 0.016)
2025-08-07 12:56:14,564 - INFO - [抽出] 人物検出スコア >= 0.05 のマスク数: 42
2025-08-07 12:56:14,564 - INFO - [抽出] YOLO検出スコア統計: 最高=0.782, 最低=0.000, 平均=0.084
2025-08-07 12:56:14,564 - INFO - [抽出] 上位10スコア: ['0.782', '0.678', '0.618', '0.523', '0.433', '0.411', '0.390', '0.386', '0.385', '0.254']
2025-08-07 12:56:14,564 - INFO - [抽出] 🎌 アニメモード使用中: yolov8x.pt
2025-08-07 12:56:14,564 - INFO - [抽出] ✅ 完了: YOLO人物検出フィルタリング (1.49秒, RAM: 2169.5MB, GPU: 2805.5MB)
2025-08-07 12:56:14,564 - INFO - [抽出] 🎯 複数キャラクター検出: 42個 → 複合スコアで最適選択
2025-08-07 12:56:14,565 - INFO - [抽出] ⚠️ マスク数制限: 42個 → 20個に制限
2025-08-07 12:56:14,565 - INFO - [抽出] 🎯 複合スコア評価開始 (基準: balanced, 20個のマスク)
2025-08-07 12:56:14,565 - INFO - [抽出] マスク1: 総合=0.500 (面積=0.06, 全身=0.58, 中央=0.75, 接地=0.71, YOLO=0.78)
2025-08-07 12:56:14,565 - INFO - [抽出] マスク2: 総合=0.474 (面積=0.13, 全身=0.41, 中央=0.82, 接地=0.67, YOLO=0.68)
2025-08-07 12:56:14,565 - INFO - [抽出] マスク3: 総合=0.406 (面積=0.03, 全身=0.40, 中央=0.76, 接地=0.56, YOLO=0.62)
2025-08-07 12:56:14,565 - INFO - [抽出] マスク4: 総合=0.416 (面積=0.02, 全身=0.51, 中央=0.75, 接地=0.54, YOLO=0.52)
2025-08-07 12:57:30,882 - INFO - [抽出] マスク5: 総合=0.332 (面積=0.02, 全身=0.16, 中央=0.61, 接地=0.80, YOLO=0.43)
2025-08-07 12:57:30,882 - INFO - [抽出] マスク6: 総合=0.280 (面積=0.04, 全身=0.00, 中央=0.71, 接地=0.57, YOLO=0.41)
2025-08-07 12:57:30,883 - INFO - [抽出] マスク7: 総合=0.443 (面積=0.01, 全身=0.82, 中央=0.67, 接地=0.40, YOLO=0.39)
2025-08-07 12:57:30,883 - INFO - [抽出] マスク8: 総合=0.327 (面積=0.07, 全身=0.00, 中央=0.74, 接地=0.79, YOLO=0.39)
2025-08-07 12:57:30,883 - INFO - [抽出] マスク9: 総合=0.360 (面積=0.04, 全身=0.05, 中央=0.90, 接地=0.78, YOLO=0.38)
2025-08-07 12:57:30,883 - INFO - [抽出] マスク10: 総合=0.296 (面積=0.03, 全身=0.00, 中央=0.76, 接地=0.73, YOLO=0.25)
2025-08-07 12:57:30,883 - INFO - [抽出] マスク11: 総合=0.336 (面積=0.04, 全身=0.37, 中央=0.62, 接地=0.56, YOLO=0.23)
2025-08-07 12:57:30,883 - INFO - [抽出] マスク12: 総合=0.137 (面積=0.01, 全身=0.00, 中央=0.49, 接地=0.08, YOLO=0.22)
2025-08-07 12:57:30,884 - INFO - [抽出] マスク13: 総合=0.241 (面積=0.01, 全身=0.00, 中央=0.56, 接地=0.71, YOLO=0.20)
2025-08-07 12:57:30,884 - INFO - [抽出] マスク14: 総合=0.527 (面積=0.13, 全身=0.80, 中央=0.80, 接地=0.72, YOLO=0.19)
2025-08-07 12:57:30,884 - INFO - [抽出] マスク15: 総合=0.421 (面積=0.20, 全身=0.30, 中央=0.81, 接地=0.73, YOLO=0.16)
2025-08-07 12:57:30,884 - INFO - [抽出] マスク16: 総合=0.305 (面積=0.02, 全身=0.41, 中央=0.62, 接地=0.39, YOLO=0.15)
2025-08-07 12:57:30,884 - INFO - [抽出] マスク17: 総合=0.456 (面積=0.06, 全身=0.91, 中央=0.64, 接地=0.46, YOLO=0.14)
2025-08-07 12:57:30,884 - INFO - [抽出] マスク18: 総合=0.412 (面積=0.04, 全身=0.51, 中央=0.67, 接地=0.84, YOLO=0.14)
2025-08-07 12:57:30,885 - INFO - [抽出] マスク19: 総合=0.580 (面積=0.22, 全身=0.95, 中央=0.75, 接地=0.76, YOLO=0.13)
2025-08-07 12:57:30,885 - INFO - [抽出] マスク20: 総合=0.284 (面積=0.05, 全身=0.00, 中央=0.53, 接地=1.00, YOLO=0.12)
2025-08-07 12:57:30,885 - INFO - [抽出] ✅ 最適マスク選択: 複合スコア 0.580, 品質スコア 0.311
2025-08-07 12:57:30,885 - INFO - [抽出] ✅ 保存完了: kana08_0022.jpg (品質: 0.311)
2025-08-07 12:57:30,885 - INFO - [抽出] 
2025-08-07 12:57:30,885 - INFO - [抽出] 進捗: 24/26 - kana08_0023.jpg
2025-08-07 12:57:30,886 - INFO - [抽出] 🔄 開始: 画像読み込み (RAM: 2169.5MB, GPU: 2805.5MB)
2025-08-07 12:57:30,886 - INFO - [抽出] ✅ 完了: 画像読み込み (0.06秒, RAM: 2169.5MB, GPU: 2805.5MB)
2025-08-07 12:57:30,886 - INFO - [抽出] カラー判定: 最大チャンネル差分=0.000, 閾値=0.01, 結果=グレースケール
2025-08-07 12:57:30,886 - INFO - [抽出] 🔄 開始: SAMマスク生成 (RAM: 2169.5MB, GPU: 2805.5MB)
2025-08-07 12:57:30,886 - INFO - [抽出] SAMでマスクを生成中...
2025-08-07 12:57:30,886 - INFO - [抽出] 生成されたマスク数: 86
2025-08-07 12:57:30,887 - INFO - [抽出] マスク面積統計: 最小=874, 最大=2793126, 平均=86564
2025-08-07 12:57:30,887 - INFO - [抽出] ✅ 完了: SAMマスク生成 (20.49秒, RAM: 2175.9MB, GPU: 2805.5MB)
2025-08-07 12:57:30,887 - INFO - [抽出] 🔄 開始: YOLO人物検出フィルタリング (RAM: 2179.4MB, GPU: 2805.5MB)
2025-08-07 12:57:30,887 - INFO - [抽出] YOLOv8で人物検出スコアを計算中...
2025-08-07 12:57:30,887 - INFO - [抽出] YOLOv8で86個のマスクを評価開始...
2025-08-07 12:57:30,887 - INFO - [抽出] YOLO処理済み: 10/86 (現在のスコア: 0.000)
2025-08-07 12:57:30,888 - INFO - [抽出] YOLO処理済み: 20/86 (現在のスコア: 0.180)
2025-08-07 12:57:30,888 - INFO - [抽出] YOLO処理済み: 30/86 (現在のスコア: 0.000)
2025-08-07 12:57:30,888 - INFO - [抽出] YOLO処理済み: 40/86 (現在のスコア: 0.196)
2025-08-07 12:57:30,888 - INFO - [抽出] YOLO処理済み: 50/86 (現在のスコア: 0.062)
2025-08-07 12:57:30,888 - INFO - [抽出] YOLO処理済み: 60/86 (現在のスコア: 0.015)
2025-08-07 12:57:30,888 - INFO - [抽出] YOLO処理済み: 70/86 (現在のスコア: 0.000)
2025-08-07 12:57:30,888 - INFO - [抽出] YOLO処理済み: 80/86 (現在のスコア: 0.000)
2025-08-07 12:57:30,889 - INFO - [抽出] 人物検出スコア >= 0.05 のマスク数: 37
2025-08-07 12:57:30,889 - INFO - [抽出] YOLO検出スコア統計: 最高=0.596, 最低=0.000, 平均=0.095
2025-08-07 12:57:30,889 - INFO - [抽出] 上位10スコア: ['0.596', '0.546', '0.450', '0.406', '0.373', '0.346', '0.342', '0.337', '0.328', '0.318']
2025-08-07 12:57:30,889 - INFO - [抽出] 🎌 アニメモード使用中: yolov8x.pt
2025-08-07 12:57:30,889 - INFO - [抽出] ✅ 完了: YOLO人物検出フィルタリング (1.69秒, RAM: 2179.4MB, GPU: 2805.5MB)
2025-08-07 12:57:30,889 - INFO - [抽出] 🎯 複数キャラクター検出: 37個 → 複合スコアで最適選択
2025-08-07 12:57:30,890 - INFO - [抽出] ⚠️ マスク数制限: 37個 → 20個に制限
2025-08-07 12:57:30,890 - INFO - [抽出] 🎯 複合スコア評価開始 (基準: balanced, 20個のマスク)
2025-08-07 12:57:30,890 - INFO - [抽出] マスク1: 総合=0.447 (面積=0.04, 全身=0.89, 中央=0.52, 接地=0.32, YOLO=0.60)
2025-08-07 12:57:30,890 - INFO - [抽出] マスク2: 総合=0.436 (面積=0.09, 全身=0.37, 中央=0.59, 接地=0.95, YOLO=0.55)
2025-08-07 12:57:30,890 - INFO - [抽出] マスク3: 総合=0.416 (面積=0.00, 全身=0.47, 中央=0.78, 接地=0.64, YOLO=0.45)
2025-08-07 12:57:30,890 - INFO - [抽出] マスク4: 総合=0.316 (面積=0.04, 全身=0.00, 中央=0.60, 接地=0.95, YOLO=0.41)
2025-08-07 12:57:30,891 - INFO - [抽出] マスク5: 総合=0.376 (面積=0.11, 全身=0.25, 中央=0.61, 接地=0.81, YOLO=0.37)
2025-08-07 12:57:30,891 - INFO - [抽出] マスク6: 総合=0.574 (面積=0.17, 全身=0.79, 中央=0.85, 接地=0.80, YOLO=0.35)
2025-08-07 12:57:30,891 - INFO - [抽出] マスク7: 総合=0.151 (面積=0.04, 全身=0.00, 中央=0.44, 接地=0.12, YOLO=0.34)
2025-08-07 12:57:30,891 - INFO - [抽出] マスク8: 総合=0.455 (面積=0.00, 全身=0.72, 中央=0.61, 接地=0.79, YOLO=0.34)
2025-08-07 12:57:30,891 - INFO - [抽出] マスク9: 総合=0.421 (面積=0.01, 全身=0.51, 中央=0.65, 接地=0.85, YOLO=0.33)
2025-08-07 12:57:30,891 - INFO - [抽出] マスク10: 総合=0.561 (面積=0.01, 全身=0.84, 中央=0.84, 接地=1.00, YOLO=0.32)
2025-08-07 12:57:30,891 - INFO - [抽出] マスク11: 総合=0.306 (面積=0.01, 全身=0.41, 中央=0.48, 接地=0.50, YOLO=0.31)
2025-08-07 12:57:30,892 - INFO - [抽出] マスク12: 総合=0.413 (面積=0.05, 全身=0.54, 中央=0.55, 接地=0.87, YOLO=0.24)
2025-08-07 12:57:30,892 - INFO - [抽出] マスク13: 総合=0.413 (面積=0.00, 全身=0.53, 中央=0.82, 接地=0.63, YOLO=0.21)
2025-08-07 12:57:30,892 - INFO - [抽出] マスク14: 総合=0.368 (面積=0.18, 全身=0.04, 中央=0.77, 接地=0.87, YOLO=0.20)
2025-08-07 12:57:30,892 - INFO - [抽出] マスク15: 総合=0.395 (面積=0.06, 全身=0.38, 中央=0.57, 接地=0.99, YOLO=0.19)
2025-08-07 12:57:30,892 - INFO - [抽出] マスク16: 総合=0.469 (面積=0.01, 全身=0.86, 中央=0.52, 接地=0.86, YOLO=0.19)
2025-08-07 12:57:30,892 - INFO - [抽出] マスク17: 総合=0.420 (面積=0.16, 全身=0.35, 中央=0.79, 接地=0.73, YOLO=0.18)
2025-08-07 12:57:30,893 - INFO - [抽出] マスク18: 総合=0.254 (面積=0.01, 全身=0.42, 中央=0.54, 接地=0.12, YOLO=0.18)
2025-08-07 12:57:30,893 - INFO - [抽出] マスク19: 総合=0.274 (面積=0.01, 全身=0.00, 中央=0.75, 接地=0.70, YOLO=0.18)
2025-08-07 12:57:30,893 - INFO - [抽出] マスク20: 総合=0.239 (面積=0.10, 全身=0.00, 中央=0.56, 接地=0.53, YOLO=0.17)
2025-08-07 12:57:30,893 - INFO - [抽出] ✅ 最適マスク選択: 複合スコア 0.574, 品質スコア 0.437
2025-08-07 12:57:30,893 - INFO - [抽出] ✅ 保存完了: kana08_0023.jpg (品質: 0.437)
2025-08-07 12:57:30,893 - INFO - [抽出] 
2025-08-07 12:57:30,894 - INFO - [抽出] 進捗: 25/26 - kana08_0024.jpg
2025-08-07 12:57:30,894 - INFO - [抽出] 🔄 開始: 画像読み込み (RAM: 2179.4MB, GPU: 2805.5MB)
2025-08-07 12:57:30,894 - INFO - [抽出] ✅ 完了: 画像読み込み (0.04秒, RAM: 2179.4MB, GPU: 2805.5MB)
2025-08-07 12:57:30,894 - INFO - [抽出] カラー判定: 最大チャンネル差分=0.000, 閾値=0.01, 結果=グレースケール
2025-08-07 12:57:30,894 - INFO - [抽出] 🔄 開始: SAMマスク生成 (RAM: 2179.4MB, GPU: 2805.5MB)
2025-08-07 12:57:30,894 - INFO - [抽出] SAMでマスクを生成中...
2025-08-07 12:57:30,894 - INFO - [抽出] 生成されたマスク数: 81
2025-08-07 12:57:30,895 - INFO - [抽出] マスク面積統計: 最小=818, 最大=2745771, 平均=95500
2025-08-07 12:57:30,895 - INFO - [抽出] ✅ 完了: SAMマスク生成 (26.21秒, RAM: 2198.8MB, GPU: 2805.5MB)
2025-08-07 12:57:30,895 - INFO - [抽出] 🔄 開始: YOLO人物検出フィルタリング (RAM: 2200.4MB, GPU: 2805.5MB)
2025-08-07 12:57:30,895 - INFO - [抽出] YOLOv8で人物検出スコアを計算中...
2025-08-07 12:57:30,895 - INFO - [抽出] YOLOv8で81個のマスクを評価開始...
2025-08-07 12:57:30,895 - INFO - [抽出] YOLO処理済み: 10/81 (現在のスコア: 0.686)
2025-08-07 12:57:30,896 - INFO - [抽出] YOLO処理済み: 20/81 (現在のスコア: 0.089)
2025-08-07 12:57:30,896 - INFO - [抽出] YOLO処理済み: 30/81 (現在のスコア: 0.026)
2025-08-07 12:57:30,896 - INFO - [抽出] YOLO処理済み: 40/81 (現在のスコア: 0.000)
2025-08-07 12:57:30,896 - INFO - [抽出] YOLO処理済み: 50/81 (現在のスコア: 0.744)
2025-08-07 12:57:30,896 - INFO - [抽出] YOLO処理済み: 60/81 (現在のスコア: 0.472)
2025-08-07 12:57:30,896 - INFO - [抽出] YOLO処理済み: 70/81 (現在のスコア: 0.555)
2025-08-07 12:57:30,897 - INFO - [抽出] YOLO処理済み: 80/81 (現在のスコア: 0.205)
2025-08-07 12:57:30,897 - INFO - [抽出] 人物検出スコア >= 0.05 のマスク数: 40
2025-08-07 12:57:30,897 - INFO - [抽出] YOLO検出スコア統計: 最高=0.938, 最低=0.000, 平均=0.209
2025-08-07 12:57:30,897 - INFO - [抽出] 上位10スコア: ['0.938', '0.826', '0.796', '0.771', '0.756', '0.744', '0.701', '0.700', '0.686', '0.675']
2025-08-07 12:57:30,897 - INFO - [抽出] 🎌 アニメモード使用中: yolov8x.pt
2025-08-07 12:57:30,898 - INFO - [抽出] ✅ 完了: YOLO人物検出フィルタリング (1.27秒, RAM: 2200.4MB, GPU: 2805.5MB)
2025-08-07 12:57:30,898 - INFO - [抽出] 🎯 複数キャラクター検出: 40個 → 複合スコアで最適選択
2025-08-07 12:57:30,898 - INFO - [抽出] ⚠️ マスク数制限: 40個 → 20個に制限
2025-08-07 12:57:30,898 - INFO - [抽出] 🎯 複合スコア評価開始 (基準: balanced, 20個のマスク)
2025-08-07 12:57:30,898 - INFO - [抽出] マスク1: 総合=0.375 (面積=0.12, 全身=0.00, 中央=0.59, 接地=0.85, YOLO=0.94)
2025-08-07 12:57:30,898 - INFO - [抽出] マスク2: 総合=0.410 (面積=0.15, 全身=0.13, 中央=0.50, 接地=1.00, YOLO=0.83)
2025-08-07 12:57:30,899 - INFO - [抽出] マスク3: 総合=0.386 (面積=0.11, 全身=0.26, 中央=0.68, 接地=0.48, YOLO=0.80)
2025-08-07 12:57:30,899 - INFO - [抽出] マスク4: 総合=0.541 (面積=0.00, 全身=0.46, 中央=1.00, 接地=1.00, YOLO=0.77)
2025-08-07 12:57:30,899 - INFO - [抽出] マスク5: 総合=0.326 (面積=0.11, 全身=0.28, 中央=0.52, 接地=0.30, YOLO=0.76)
2025-08-07 12:57:30,899 - INFO - [抽出] マスク6: 総合=0.434 (面積=0.04, 全身=0.39, 中央=0.50, 接地=1.00, YOLO=0.74)
2025-08-07 12:57:30,899 - INFO - [抽出] マスク7: 総合=0.346 (面積=0.06, 全身=0.09, 中央=0.54, 接地=0.85, YOLO=0.70)
2025-08-07 12:57:30,899 - INFO - [抽出] マスク8: 総合=0.342 (面積=0.11, 全身=0.00, 中央=0.75, 接地=0.60, YOLO=0.70)
2025-08-07 12:57:30,900 - INFO - [抽出] マスク9: 総合=0.393 (面積=0.12, 全身=0.10, 中央=0.57, 接地=1.00, YOLO=0.69)
2025-08-07 12:57:30,900 - INFO - [抽出] マスク10: 総合=0.431 (面積=0.05, 全身=0.40, 中央=0.80, 接地=0.60, YOLO=0.68)
2025-08-07 12:57:30,900 - INFO - [抽出] マスク11: 総合=0.449 (面積=0.08, 全身=0.39, 中央=0.70, 接地=0.84, YOLO=0.62)
2025-08-07 12:57:30,900 - INFO - [抽出] マスク12: 総合=0.345 (面積=0.13, 全身=0.00, 中央=0.48, 接地=1.00, YOLO=0.60)
2025-08-07 12:57:30,900 - INFO - [抽出] マスク13: 総合=0.487 (面積=0.13, 全身=0.63, 中央=0.61, 接地=0.76, YOLO=0.55)
2025-08-07 12:57:31,264 - INFO - [抽出] マスク14: 総合=0.360 (面積=0.23, 全身=0.19, 中央=0.61, 接地=0.48, YOLO=0.49)
2025-08-07 12:57:31,265 - INFO - [抽出] マスク15: 総合=0.379 (面積=0.21, 全身=0.00, 中央=0.71, 接地=0.84, YOLO=0.48)
2025-08-07 12:57:31,265 - INFO - [抽出] マスク16: 総合=0.325 (面積=0.18, 全身=0.00, 中央=0.67, 接地=0.59, YOLO=0.47)
2025-08-07 12:57:31,265 - INFO - [抽出] マスク17: 総合=0.465 (面積=0.22, 全身=0.36, 中央=0.67, 接地=0.85, YOLO=0.46)
2025-08-07 12:57:31,265 - INFO - [抽出] マスク18: 総合=0.569 (面積=0.30, 全身=0.65, 中央=0.62, 接地=1.00, YOLO=0.43)
2025-08-07 12:57:31,266 - INFO - [抽出] マスク19: 総合=0.290 (面積=0.09, 全身=0.03, 中央=0.62, 接地=0.59, YOLO=0.42)
2025-08-07 12:57:31,266 - INFO - [抽出] マスク20: 総合=0.300 (面積=0.01, 全身=0.36, 中央=0.61, 接地=0.30, YOLO=0.41)
2025-08-07 12:57:31,266 - INFO - [抽出] ✅ 最適マスク選択: 複合スコア 0.569, 品質スコア 0.483
2025-08-07 12:57:31,266 - INFO - [抽出] ✅ 保存完了: kana08_0024.jpg (品質: 0.483)
2025-08-07 12:57:31,266 - INFO - [抽出] 
2025-08-07 12:57:31,267 - INFO - [抽出] 進捗: 26/26 - kana08_0025_cover.jpg
2025-08-07 12:57:31,267 - INFO - [抽出] 🔄 開始: 画像読み込み (RAM: 2200.4MB, GPU: 2805.5MB)
2025-08-07 12:57:31,267 - INFO - [抽出] ✅ 完了: 画像読み込み (0.07秒, RAM: 2200.4MB, GPU: 2805.5MB)
2025-08-07 12:57:31,267 - INFO - [抽出] カラー判定: 最大チャンネル差分=18.608, 閾値=0.01, 結果=カラー
2025-08-07 12:57:31,267 - INFO - [抽出] スキップ: カラー画像です - kana08_0025_cover.jpg
2025-08-07 12:57:31,267 - INFO - [抽出] 
2025-08-07 12:57:31,267 - INFO - [抽出] 📊 処理完了統計:
2025-08-07 12:57:31,268 - INFO - [抽出] ✅ 成功: 24/26 枚
2025-08-07 12:57:31,268 - INFO - [抽出] ⏭️ スキップ: 2 枚
2025-08-07 12:57:31,268 - INFO - [抽出] 📈 再現率: 18.2% (手動抽出132枚に対して)
2025-08-07 12:57:31,268 - INFO - [抽出] 
2025-08-07 12:57:31,268 - INFO - [抽出] === パフォーマンス サマリー ===
2025-08-07 12:57:31,268 - INFO - [抽出] 総処理時間: 824.50秒
2025-08-07 12:57:31,269 - INFO - [抽出] SAMモデル読み込み: 43.55秒 (5.3%)
2025-08-07 12:57:31,269 - INFO - [抽出] YOLOモデル読み込み: 1.51秒 (0.2%)
2025-08-07 12:57:31,269 - INFO - [抽出] ファイル収集: 0.07秒 (0.0%)
2025-08-07 12:57:31,269 - INFO - [抽出] 画像読み込み: 0.07秒 (0.0%)
2025-08-07 12:57:31,269 - INFO - [抽出] SAMマスク生成: 26.21秒 (3.2%)
2025-08-07 12:57:31,269 - INFO - [抽出] YOLO人物検出フィルタリング: 1.27秒 (0.2%)
2025-08-07 12:57:31,269 - INFO - [抽出] ==============================
2025-08-07 12:57:31,270 - INFO - [抽出] 🎉 再現自動抽出が完了しました！
2025-08-07 12:57:32,558 - INFO - ✅ アニメ特化モデル抽出完了
2025-08-07 12:57:32,587 - INFO - 📊 比較結果:
2025-08-07 12:57:32,587 - INFO -   アニメ特化版(3-6-04): 24/24枚 (100.0%)
2025-08-07 12:57:32,588 - INFO -   汎用版(3-6-03): 19/24枚 (79.2%)
2025-08-07 12:57:33,385 - INFO - 📱 比較結果通知送信完了
2025-08-07 12:57:33,385 - INFO - サンプル画像送信開始...
2025-08-07 12:57:34,386 - INFO - ✅ サンプル送信成功 [1/5]: kana08_0001.jpg
2025-08-07 12:57:36,395 - INFO - ✅ サンプル送信成功 [2/5]: kana08_0002.jpg
2025-08-07 12:57:38,592 - INFO - ✅ サンプル送信成功 [3/5]: kana08_0003.jpg
2025-08-07 12:57:40,465 - INFO - ✅ サンプル送信成功 [4/5]: kana08_0004.jpg
2025-08-07 12:57:42,585 - INFO - ✅ サンプル送信成功 [5/5]: kana08_0005.jpg
2025-08-07 12:57:43,589 - INFO - ============================================================
2025-08-07 12:57:43,589 - INFO - 処理完了時刻: 2025-08-07 12:57:43.588830
2025-08-07 12:57:43,589 - INFO - 処理時間: 0:14:47.837044
2025-08-07 12:57:43,589 - INFO - 最終結果: アニメ特化版 24/24枚 vs 汎用版 19/24枚
2025-08-07 12:57:43,590 - INFO - ============================================================
