{
  "timestamp": "2025-07-25 21:35:15.805277",
  "batch_size": 40,
  "pla_statistics": {
    "mean": 0.0,
    "std": 0.0,
    "min": 0.0,
    "max": 0.0,
    "median": 0.0,
    "q25": 0.0,
    "q75": 0.0,
    "count": 7
  },
  "sci_statistics": {
    "mean": 0.18771163609894842,
    "std": 0.2092225602669673,
    "min": 0.0,
    "max": 0.5777482769706033,
    "median": 0.15,
    "q25": 0.0,
    "q75": 0.3227464578368447,
    "count": 40
  },
  "ple_result": {
    "ple_score": 0.0,
    "improvement_rate": 0.0,
    "stability": 0.0,
    "efficiency": 0.0,
    "learning_status": "データ不足",
    "status_code": 0,
    "trend_direction": "unknown"
  },
  "overall_quality_score": 0.07508465443957937,
  "overall_quality_level": "品質不足",
  "milestone_progress": {
    "phase_a1": 0.0,
    "phase_a2": 0.2681594801413549,
    "phase_b1": 0.11123652509567314,
    "phase_c1": 0.09385581804947421
  },
  "recommendations": [
    "PLA平均値向上が必要: 0.000 → 0.75",
    "SCI平均値向上が必要: 0.188 → 0.70",
    "学習効率改善が必要: 手法見直しまたはパラメータ調整推奨"
  ],
  "alerts": [
    "PLA警告: 平均値が目標を下回る (0.000 < 0.75)",
    "SCI警告: 平均値が目標を下回る (0.188 < 0.70)"
  ]
}