{
  "timestamp": "2025-07-26T00:56:54.414856",
  "phase": "A2_enhanced_sci_integration_test",
  "total_evaluated": 36,
  "face_detection_rate": 0.5277777777777778,
  "pose_detection_rate": 0.38888888888888895,
  "sci_statistics": {
    "mean": 0.41739752934174656,
    "std": 0.22090331707611138,
    "min": 0.16000000000000003,
    "max": 0.8990864187103793,
    "count": 36
  },
  "target_achievements": {
    "face_detection": {
      "target": 0.9,
      "actual": 0.5277777777777778,
      "achievement_rate": 0.5864197530864198,
      "achieved": false
    },
    "pose_detection": {
      "target": 0.8,
      "actual": 0.38888888888888895,
      "achievement_rate": 0.48611111111111116,
      "achieved": false
    },
    "sci_mean": {
      "target": 0.7,
      "actual": 0.41739752934174656,
      "achievement_rate": 0.5962821847739237,
      "achieved": 