{
  "timestamp": "2025-07-23T18:49:25.557205",
  "processed_count": 25,
  "success_count": 0,
  "error_count": 15,
  "protected_count": 10,
  "processing_stats": {
    "total_images": 26,
    "processed_images": 0,
    "successful_extractions": 0,
    "protected_files": 0,
    "processing_times": [
      39.2253577709198,
      0.02349066734313965,
      0.02204132080078125,
      0.022788286209106445,
      0.023128509521484375,
      0.02275252342224121,
      0.022320032119750977,
      0.022302627563476562,
      0.0226747989654541,
      20.69378900527954,
      21.21652388572693,
      23.27918243408203,
      23.45476007461548,
      21.98514175415039,
      21.970388174057007,
      22.575884342193604,
      23.027780055999756,
      0.022816181182861328,
      0.02273416519165039,
      22.885544061660767,
      22.958945751190186,
      23.898133754730225,
      23.59571075439453,
      23.771095991134644,
      21.991876363754272
    ],
    "errors": []
  }
}