{
  "timestamp": "2025-07-23T16:08:48.341736",
  "processed_count": 25,
  "success_count": 0,
  "error_count": 15,
  "protected_count": 10,
  "processing_stats": {
    "total_images": 26,
    "processed_images": 0,
    "successful_extractions": 0,
    "protected_files": 0,
    "processing_times": [
      38.049978733062744,
      0.024343252182006836,
      0.0235593318939209,
      0.02305006980895996,
      0.022411823272705078,
      0.022489547729492188,
      0.022427082061767578,
      0.021619081497192383,
      0.022274017333984375,
      20.639642000198364,
      21.70363736152649,
      24.33244824409485,
      23.800363063812256,
      21.79073715209961,
      21.789708375930786,
      22.521593809127808,
      23.529154062271118,
      0.021677732467651367,
      0.021872282028198242,
      22.62246060371399,
      23.16245460510254,
      23.42221450805664,
      24.17232322692871,
      23.293959140777588,
      21.538954496383667
    ],
    "errors": []
  }
}